0,51.5092543897043,-0.161045151548226,0.00212461724726679,-0.0681717723965641,0
0.5,51.5092540752284,-0.161045138454122,-0.12044703041727,0.0508111221881902,-0.0250249042144039
1,51.5092540316476,-0.161045136876205,0.0678271773343515,-0.0351953161239606,-0.0201542579598559
1.5,51.5092542837032,-0.161045145632664,0.0478684639528447,0.0225697469958656,-0.0231956117038708
2,51.5092556687129,-0.161045204785426,0.490412924365645,-0.0297619138584261,-0.0300940654469642
2.5,51.5092578815765,-0.161045305525826,0.493792048742299,-0.00294656940525408,-0.0267069191940008
3,51.5092609657022,-0.161045457182663,0.821007265059214,-0.033736202626137,-0.0346434654610224
3.5,51.5092651387947,-0.161045679601536,1.00389053229088,-0.0288869287729755,-0.0318497192126441
4,51.5092698780034,-0.161045944038672,1.09002242777181,-0.0421998808794459,-0.0377591729482544
4.5,51.5092753576706,-0.161046257401917,1.30983038289082,-0.0444298772272175,-0.033580826694495
5,51.5092805332456,-0.161046511291131,1.04093297865449,-0.0288299521744024,-0.0276222804395938
5.5,51.5092855350791,-0.1610467275014,1.16343830971656,-0.0308557321360662,-0.0263120341864009
6,51.5092909725171,-0.161046971382718,1.24246485112581,-0.0359694642309797,-0.029650087926122
6.5,51.509296627689,-0.161047233328943,1.26951057263395,-0.0366540869153665,-0.028142041680982
7,51.5093021961442,-0.161047465426123,1.21777541818278,-0.02912894250045,-0.0238647954230946
7.5,51.5093073728969,-0.161047648565954,1.1058169439985,-0.0228401009563208,-0.0202798491700527
8,51.5093128116743,-0.161047794627334,1.28330649432988,-0.0184898760648813,-0.0132334029063995
8.5,51.5093182073287,-0.161047887571233,1.14275124177346,-0.00899659217254954,-0.00826385664294414
9,51.5093236903733,-0.161047943999997,1.27419784181968,-0.00702245316031891,-0.00458001038154885
9.5,51.5093289119428,-0.1610479478775,1.08327456198081,0.00400042859612806,0.00365323587486847
10,51.5093343949847,-0.16104789307458,1.31583054235526,0.0101359824884255,0.00882058213605649
10.5,51.5093396599926,-0.161047819798511,1.07056349399351,0.0102016975018276,0.00854842839700207
11,51.509344837872,-0.161047759021128,1.20929154642541,0.00720536891012143,0.00610047465812919
11.5,51.5093498850532,-0.161047719178364,1.06274143645181,0.00436116157388514,0.00375142091789422
12,51.5093552374131,-0.161047690288969,1.28076936158462,0.0037665535226591,0.00298476717775294
12.5,51.5093604153573,-0.161047648185897,1.06217195864611,0.00730187803926575,0.00716311343775051
13,51.5093657676565,-0.161047599788827,1.28114505777546,0.00631285286206838,0.00412175969656652
13.5,51.5093709892419,-0.161047573058033,1.07841753204183,0.00189082786471255,0.00226720595560847
14,51.5093762980277,-0.161047554506695,1.25331294559349,0.00305547773300629,0.00209395221518636
14.5,51.5093814324373,-0.16104753188705,1.06492318210232,0.0032005493052291,0.00340419847546585
15,51.5093866539895,-0.161047492540298,1.22976027213815,0.00704744385511306,0.00600014473413666
15.5,51.5093915704133,-0.16104747322144,0.998950511929545,-0.000372981152732509,-0.00109610900931947
16,51.5093967048094,-0.161047498414465,1.242971785028,-0.00568574314807857,-0.00502756274902245
16.5,51.5094020135743,-0.161047519205863,1.13811705062393,-0.000927802101861371,0.000139783511048516
17,51.5094073223112,-0.161047547569691,1.21150478690206,-0.00604583702109757,-0.00680776274897246
17.5,51.5094127182289,-0.161047582813431,1.19311207781916,-0.00408721895563001,-0.0013437164871265
18,51.5094182885753,-0.161047583221767,1.2719697683284,0.00276466523549204,0.00125222977315099
18.5,51.5094236408507,-0.161047538443974,1.13427763056834,0.00863455532836311,0.00918877603296079
19,51.5094291674811,-0.161047484761938,1.29661703058143,0.00662748163041403,0.00293352977121506
19.5,51.5094343018986,-0.161047468254279,1.03461333475424,-0.000742596732364942,0.00107897603205984
20,51.5094398722454,-0.161047469548657,1.38291906513945,0.000214279427066231,-0.00136897770780809
20.5,51.5094451374462,-0.161047468896041,1.02367456525487,4.05466413981172e-06,0.00152366855226913
21,51.5094501846834,-0.161047471271667,1.19269456894691,-0.000563605810766325,-0.00211108518794677
21.5,51.5094553191065,-0.161047484065248,1.10736115349937,-0.00262540508145905,-0.000998638928910814
22,51.5094605843089,-0.161047482374047,1.21656572071911,0.00223699207452535,0.00139950733125998
22.5,51.50946567514,-0.161047484169429,1.07416142320198,-0.00198969500819797,-0.00183964640910174
23,51.5094705915733,-0.161047471294506,1.10787329941217,0.00443191569154409,0.00510789985059416
23.5,51.5094757259201,-0.161047424689672,1.16670723413586,0.00789874135012494,0.0062203461110823
24,51.509480729366,-0.161047354491859,1.07600632513718,0.0110410897450129,0.0112887923686005
24.5,51.5094859507141,-0.161047270686361,1.22192490654321,0.0120535408088748,0.00874193862803129
25,51.5094911722085,-0.16104721770872,1.11983723863068,0.00406790219025593,0.00392038488905142
25.5,51.5094965245689,-0.161047189490727,1.24080257393388,0.00381332942351878,0.00265923114876877
26,51.5095019641305,-0.161047170944571,1.18911325038481,0.00170849137033181,0.001595877408686
26.5,51.5095072729248,-0.161047161049428,1.17582917831013,0.00113980542743827,0.00073032366793793
27,51.5095124945381,-0.161047156904444,1.15214927832306,0.000180559989373357,0.000260369927849844
27.5,51.5095177597374,-0.161047165452309,1.18521286823694,-0.00214411578415669,-0.00228648381204014
28,51.5095230685165,-0.16104718816586,1.17855368754718,-0.00386065269744303,-0.00305313755193274
28.5,51.5095284644847,-0.161047206336491,1.21619698763509,-0.00158671999747921,-0.00114949129213642
29,51.509533773274,-0.161047201286989,1.15686870432945,0.00230263869031303,0.00233655496843372
29.5,51.5095390820457,-0.161047207596323,1.19839184067899,-0.00310116489977524,-0.00381979129218426
30,51.5095444342059,-0.161047277789633,1.18573863453266,-0.0143983072086256,-0.0125475375511978
30.5,51.5095497860438,-0.161047400150973,1.19447393736288,-0.0188045619587741,-0.0159844912909722
31,51.5095552251119,-0.161047516963928,1.2213566182768,-0.0144104848049207,-0.0108171450350049
31.5,51.5095605336964,-0.161047591216647,1.15317949509691,-0.0074400003115341,-0.00663879877493661
32,51.509565711375,-0.161047680462614,1.1513844658892,-0.0158584902155526,-0.0148720450380584
32.5,51.5095709320648,-0.161047835003939,1.16891120130646,-0.0253784979447882,-0.0220671987781653
33,51.5095760209036,-0.161048059279631,1.10676597147563,-0.0351752662333027,-0.0329216525120058
33.5,51.5095800629147,-0.161048291606857,0.754274086696799,-0.030218086117562,-0.0387812987731133
34,51.5095833208019,-0.161048477571611,0.704400375071447,-0.0227442613396399,-0.0324271525259154
34.5,51.5095852935002,-0.161048191181661,0.253151216712474,0.0835232374594172,0.213117001200575
35,51.5095860199242,-0.161047784893454,0.097585530698553,0.0374379314608361,0.458463355006805
35.5,51.5095867709785,-0.161046992844227,0.215798628483183,0.160756404357782,0.705589908966998
36,51.5095872898346,-0.161046082865401,0.045213608151111,0.102270713479252,0.955287863234756
36.5,51.5095877579412,-0.161044692285963,0.145425661699828,0.256656306873591,1.19687601789823
37,51.5095879740315,-0.161043364401723,-0.0200554438485064,0.133787209906296,1.43450817256774
37.5,51.5095879956977,-0.161041645076326,0.0222347001743064,0.312195129815163,1.66670082794742
38,51.5095878330237,-0.161040439099181,-0.0771005376002898,0.0661339060990189,1.90067368318742
38.5,51.5095874410482,-0.161039141922667,-0.0943059413840231,0.259904345798698,2.14285523816313
39,51.5095869788578,-0.161038243471925,-0.108823057616527,0.03014595543698,2.37761929401196
39.5,51.5095863957485,-0.161037550861773,-0.144402181592898,0.142388228481602,2.62988865197259
40,51.509585603072,-0.161037034827978,-0.198771823885545,0.0221378485603199,2.88156460988676
40.5,51.5095849799409,-0.161036771436002,-0.0965774807516256,0.0466770968878063,2.88584186071131
41,51.5095840189376,-0.161036369582895,-0.295923680957957,0.0621833300487451,2.88685541136526
41.5,51.5095820437211,-0.161035556236073,-0.540037519420301,0.148461935312091,2.89330846435898
42,51.5095791777529,-0.161034403780032,-0.706110984263483,0.168113555594413,2.89817911616336
42.5,51.509575295995,-0.161032849884358,-0.974112049660188,0.249117159788678,2.89543446580422
43,51.5095704859149,-0.161030909990836,-1.13767667889802,0.283529371674456,2.89466781590781
43.5,51.50956512386,-0.161028763970319,-1.2319821875531,0.308097108847221,2.89904396752657
44,51.5095599244798,-0.161026727865425,-1.10443183344264,0.264954188933839,2.90480471789062
44.5,51.5095546337361,-0.161024702795654,-1.22827805324665,0.292549449557318,2.90947756904533
45,51.5095492945767,-0.161022702303163,-1.15990032664463,0.267431359489066,2.91434821881658
45.5,51.5095441630292,-0.161020813234953,-1.12922938946666,0.258712386660523,2.91724086966638
46,51.5095392401142,-0.161019029080571,-1.07177768063008,0.240050815684249,2.92112252071081
46.5,51.5095339295707,-0.161017141785694,-1.25862576331214,0.277460272110592,2.92559757074549
47,51.5095287849774,-0.161015346160494,-1.06505654254081,0.229635078384883,2.92868801998299
47.5,51.5095237679746,-0.161013596524553,-1.15229014830866,0.252256996391525,2.92594336976286
48,51.5095188769678,-0.161011904827339,-1.04356488880178,0.22274526042946,2.93209971968982
48.5,51.50951398142,-0.161010247052295,-1.12139033767656,0.235396188838509,2.93459677089298
49,51.5095086580069,-0.161008455182508,-1.22876520693389,0.258193657946308,2.9345224218153
49.5,51.5095033833572,-0.161006632318285,-1.13515661066571,0.249551718116317,2.92386577073481
50,51.5094982449993,-0.161004791462069,-1.14912621858217,0.259848136653854,2.91943982236991
50.5,51.5094930244777,-0.1610028992203,-1.17042836461241,0.264770260998721,2.91887097189017
51,51.5094878438688,-0.161001041069299,-1.14041868077884,0.25327769256802,2.92393942075351
51.5,51.5094826995434,-0.160999243604221,-1.14770015213249,0.246997615466147,2.92989797127145
52,51.5094775497486,-0.16099748671766,-1.14467209617886,0.241815148845585,2.93377962269468
52.5,51.5094727009108,-0.160995813215204,-1.03294582098896,0.225760079992791,2.92515077953777
53,51.509467648424,-0.160993997443614,-1.188190486802,0.270581341484315,2.91681863819356
53.5,51.5094624719336,-0.160992109945392,-1.12642727953271,0.256137600597983,2.91892009009277
54,51.5094576343729,-0.160990354293313,-1.04145127231297,0.235125940015568,2.91884574134822
54.5,51.5094523693502,-0.160988460823112,-1.26263466669763,0.282366167965617,2.92282629223899
55,51.5094473566763,-0.160986679579816,-1.01234786957372,0.222806852952787,2.9239387414669
55.5,51.5094422217207,-0.160984814923422,-1.23380534000884,0.284188117019675,2.913578791785
56,51.509436885571,-0.160982794116289,-1.15489268528439,0.278080734606352,2.90549354169447
56.5,51.5094319346015,-0.160980894925774,-1.06442574830501,0.253648294388861,2.90779279161794
57,51.5094266469184,-0.160978849506067,-1.25512448772731,0.305268527660868,2.90168554211583
57.5,51.5094214520101,-0.160976784340915,-1.08654053217842,0.273795341811505,2.89518269348726
58,51.5094160577288,-0.160974558281393,-1.27996805427962,0.333805833916662,2.88393264234109
58.5,51.5094107569716,-0.160972310692631,-1.10919050410981,0.296880539885509,2.88193009976803
59,51.5094056741307,-0.160970109540042,-1.14630154687234,0.311767018113919,2.87340015869106
59.5,51.5094004651115,-0.160967853302631,-1.16805445838387,0.314349349681972,2.88183120872687
60,51.5093951699984,-0.160965571927611,-1.18539498590657,0.318475528171198,2.87607046781661
60.5,51.5093900517917,-0.160963312973246,-1.1063365271852,0.310294852823375,2.8696174265573
61,51.5093847676229,-0.160960967249894,-1.22445755588934,0.336503268327181,2.87310347684155
61.5,51.5093794407843,-0.160958606675275,-1.15791392632226,0.321663094663143,2.87050753608417
62,51.5093743624113,-0.160956379151478,-1.11050498105989,0.300644529771439,2.8783451874339
62.5,51.5093692400697,-0.160954144335107,-1.16032370745962,0.317079001985786,2.87322693843573
63,51.5093640754263,-0.160951892600283,-1.14145247060648,0.309568545629904,2.87869099151014
63.5,51.5093589090713,-0.16094965088737,-1.15530979940664,0.312460244900043,2.87564964317955
64,51.5093536634114,-0.160947344171496,-1.17560909133627,0.325780121615801,2.87191599540421
64.5,51.5093485120698,-0.160945015815372,-1.12572091632,0.321564469831726,2.86145714778362
65,51.5093436755376,-0.16094270446346,-1.04155666043927,0.320501624391295,2.84209729987507
65.5,51.509338646154,-0.160940207556068,-1.17342338593461,0.365046223574094,2.8402427515297
66,51.5093335332182,-0.16093767072089,-1.11272276740552,0.34329006279724,2.84244310315336
66.5,51.5093285461295,-0.160935191128329,-1.10760783332149,0.345007263742473,2.83905596225789
67,51.5093234843122,-0.160932626590917,-1.13945655678272,0.363856607183958,2.83171282153452
67.5,51.5093184632845,-0.160930087095537,-1.10173259802597,0.344750935492064,2.84004497222146
68,51.5093136419164,-0.160927694507201,-1.05261218512632,0.323447402447944,2.84254202446307
68.5,51.5093084422477,-0.16092513426789,-1.2300999041866,0.37793413802705,2.84444567639544
69,51.5093034891147,-0.160922715378677,-1.01259906364937,0.306427638272647,2.84714052712407
69.5,51.5092983705466,-0.160920207937458,-1.22743034712558,0.377385055479267,2.84271457928464
70,51.5092934658983,-0.160917774016657,-0.996126989216805,0.310360345274424,2.8398710312803
70.5,51.5092883173661,-0.160915185496666,-1.25029560694917,0.393771033058678,2.83529709020668
71,51.5092831321641,-0.160912550982223,-1.08624904153003,0.346240668268403,2.83383814117649
71.5,51.5092781190132,-0.160909971711306,-1.13599819238488,0.366471687654776,2.82802759419621
72,51.5092730741192,-0.160907322865282,-1.11318155598008,0.368733335205115,2.82192034579434
72.5,51.5092689486504,-0.16090511342123,-0.781353436548295,0.263428827122297,2.81620869667473
73,51.5092661488123,-0.160903599984707,-0.512174130211797,0.172848516118769,2.8163321483918
73.5,51.5092640967116,-0.160901999538505,-0.417745883791995,0.256793500768617,2.56099690008636
74,51.5092632838918,-0.160900880964178,-0.0150509902953685,0.0842855169061834,2.30309025100398
74.5,51.509262746362,-0.160899640961648,-0.192800834214499,0.233704398860528,2.05279890182742
75,51.5092625253577,-0.160898679974154,0.0513591665502678,0.0632493092261476,1.79499115183957
75.5,51.5092624732443,-0.160897798400864,-0.0556648540815506,0.163822042492812,1.53550210094183
76,51.5092626565605,-0.160896036736102,0.108310177125561,0.301167901653395,1.27561745004694
76.5,51.5092629859889,-0.160894846138551,0.0487988899068953,0.0702246166821359,1.03126009880779
77,51.5092634882277,-0.160893823234961,0.15582745533613,0.192300529079451,0.777012746994696
77.5,51.5092642035829,-0.160892951416569,0.161525057246103,0.0711835240099162,0.52335879448733
78,51.5092646732944,-0.160892634358579,0.0646146848446424,0.0250134939619187,0.273957541506311
78.5,51.5092654767514,-0.160892443279262,0.258701093676803,0.0275950806377504,0.0206991882267665
79,51.5092664137367,-0.160892600983743,0.173351613160174,-0.0565429078114568,-0.229987765477635
79.5,51.5092672951548,-0.160892936836257,0.212076323186614,-0.0396983931011022,-0.236886219605166
80,51.5092683021971,-0.160893331830418,0.232490108702699,-0.065450014989766,-0.243191273688463
80.5,51.5092703255331,-0.160894124853259,0.602643568157848,-0.141379064013174,-0.236540427764124
81,51.5092732825272,-0.160895269295554,0.696719947918116,-0.171181731896641,-0.237405981881094
81.5,51.5092772587678,-0.160896792052778,1.01642659397695,-0.239621559064214,-0.231744135981383
82,51.5092820890345,-0.160898598429461,1.11569257167102,-0.25866236754309,-0.226774590096913
82.5,51.509287390137,-0.160900552778889,1.22431392434638,-0.280262898058153,-0.225464344178031
83,51.5092924796664,-0.160902422973109,1.06824522767489,-0.245277538387293,-0.225340898158772
83.5,51.5092976998508,-0.160904317463402,1.22691738929253,-0.275502356119575,-0.22007465219247
84,51.5093027132527,-0.16090609331549,1.03762532936986,-0.226340251724395,-0.215006206294541
84.5,51.5093077714626,-0.160907868021572,1.18707968735951,-0.260483162300623,-0.21606956034367
85,51.5093131255685,-0.160909763226804,1.19439307729369,-0.265027030531069,-0.218715314405737
85.5,51.5093183885733,-0.160911670851608,1.15481200453987,-0.264777924152803,-0.226157360954507
86,51.5093235634296,-0.160913569817846,1.1491740003108,-0.262908384193195,-0.224055915018061
86.5,51.5093286065223,-0.160915451373518,1.10327709263245,-0.260107231335027,-0.233426869171786
87,51.5093337224243,-0.160917445987762,1.16294725718473,-0.288755574475303,-0.24388572318392
87.5,51.5093389195384,-0.160919496930683,1.15189897586476,-0.281998118451864,-0.239015077271979
88,51.5093440807508,-0.160921488864882,1.14605190789833,-0.272799219659546,-0.233649931435448
88.5,51.5093492054145,-0.160923425280227,1.13631921491331,-0.266133121061862,-0.229471585577979
89,51.5093545021705,-0.160925409673623,1.20823111509053,-0.282124597470752,-0.229842639636181
89.5,51.5093596237661,-0.160927366580039,1.09163319418959,-0.264442187002334,-0.238273686240899
90,51.509364779176,-0.160929396736887,1.18604301275118,-0.294110646059402,-0.243638832933564
90.5,51.5093700131525,-0.160931499663676,1.14967625112971,-0.290520071734548,-0.247669187112008
91,51.5093752065917,-0.160933574279935,1.15979855390365,-0.286350695230334,-0.240919441169
91.5,51.5093804025737,-0.160935632647156,1.15367486108408,-0.285433605715822,-0.243762995279749
92,51.5093855953985,-0.160937711392918,1.15676709947364,-0.290885881968333,-0.245815349337362
92.5,51.5093906199464,-0.160939716644681,1.09094685145987,-0.26972092624506,-0.242329303460013
93,51.5093959436992,-0.160941820038413,1.25020411825366,-0.307702816099389,-0.241117957532147
93.5,51.5094010166007,-0.160943802801603,1.04383215101223,-0.252640522992149,-0.23733521164453
94,51.5094064766112,-0.160945894970312,1.334727907926,-0.317009310405376,-0.232068965854179
94.5,51.5094118511196,-0.160947959330022,1.09875720427153,-0.265386770819493,-0.238423112504967
95,51.5094170910022,-0.160950024084427,1.21301049949491,-0.301615660888487,-0.243788259174674
95.5,51.5094222420122,-0.160952082845482,1.09941449854892,-0.274840649317624,-0.245049413233546
96,51.5094273058845,-0.16095412405281,1.14596929697575,-0.289439537827594,-0.24779406733293
96.5,51.5094323288728,-0.160956139261802,1.09791537219784,-0.273083343621132,-0.242824521482283
97,51.5094375711827,-0.160958188025231,1.21451795412823,-0.292453164242765,-0.235580275697605
97.5,51.5094429044888,-0.160960228299126,1.16731821458988,-0.276890275573948,-0.233083229856142
98,51.5094479468719,-0.160962114884266,1.09030777686131,-0.251505954761253,-0.225641183986092
98.5,51.5094530399513,-0.160963959889059,1.16339243721109,-0.259459873929435,-0.218990338087759
99,51.5094580527596,-0.160965740150906,1.081868306022,-0.238609488732494,-0.217185592190655
99.5,51.5094633226237,-0.160967598785526,1.2361741146735,-0.271704626727929,-0.216073146242633
100,51.5094684604023,-0.160969443519204,1.07819484160155,-0.245256659653201,-0.224751800251522
100.5,51.50947363458,-0.160971347238786,1.20254933501357,-0.2776938249257,-0.226606354342451
101,51.5094784652328,-0.160973150983285,0.985552762024719,-0.23138862043543,-0.231230108420442
101.5,51.5094837631596,-0.160975127215926,1.31421056130741,-0.304518074739333,-0.226161662535862
102,51.5094889355979,-0.160977043034381,1.03668037897521,-0.239066624700142,-0.228115116655206
102.5,51.5094938526688,-0.160978868168935,1.13435123394075,-0.263476643009317,-0.227101570658406
103,51.5094991968191,-0.16098083421232,1.2275370580759,-0.279651126131173,-0.224208924756663
103.5,51.5095044538465,-0.160982783780952,1.12935013617032,-0.264440067376554,-0.230612878757098
104,51.5095092376494,-0.160984601645194,1.01906986454883,-0.243998930298665,-0.235038832800964
104.5,51.5095142312197,-0.160986515741054,1.17561676942946,-0.281023156996236,-0.234519786830573
105,51.5095190155274,-0.160988330196687,0.986874155524801,-0.231586073326652,-0.230242540913668
105.5,51.5095241407318,-0.160990263006035,1.24794823685758,-0.294129377481792,-0.231998194950767
106,51.5095290572286,-0.160992091839596,0.986246555138075,-0.225805534459262,-0.224160548999774
106.5,51.5095343182833,-0.160994013505797,1.29977697988022,-0.295545313746523,-0.224037103029332
107,51.5095395333807,-0.160995943617409,1.06292095162239,-0.248720954964444,-0.229896749657796
107.5,51.5095445359955,-0.16099779592447,1.1483423848504,-0.263132200825914,-0.22423490366056
108,51.5095498422434,-0.160999713984013,1.20340554768073,-0.268565141990366,-0.219463157677461
108.5,51.5095547202771,-0.161001499004191,1.00287666042028,-0.233358114975322,-0.229526411634064
109,51.509559848887,-0.161003408460238,1.23803473650313,-0.287376049376071,-0.227029365613008
109.5,51.5095651511157,-0.161005354900049,1.139100533599,-0.258293452346628,-0.223345519673659
110,51.5095705758697,-0.161007381869412,1.25470328733031,-0.297660196170983,-0.234793373756491
110.5,51.5095758216268,-0.161009408038604,1.10607050122408,-0.269914540465861,-0.238230327871946
111,51.5095807208188,-0.161011352393551,1.07901495125387,-0.270024220390091,-0.247304581944201
111.5,51.509584975964,-0.161013104269215,0.854324073423083,-0.224512729324089,-0.255636728466291
112,51.5095878799393,-0.161014300594051,0.500487749481762,-0.125233161874088,-0.247601282552879
112.5,51.5095898023781,-0.161014684236826,0.376877888930711,-0.00289553001785776,-0.000178029166396079
113,51.5095910803611,-0.161014426033723,0.21962037111397,0.0629756217003851,0.251003424573292
113.5,51.5095917963684,-0.161013975079079,0.117116679718075,0.0623647468386238,0.497932178832748
114,51.5095923155546,-0.161013377032214,0.11441587635474,0.0975134233017141,0.748520233845805
114.5,51.5095927563436,-0.161012540902811,0.0866503382165421,0.129108645264472,0.99010838904753
115,51.5095933276228,-0.161010689600085,0.155448041891962,0.346623277851983,1.23298224505282
115.5,51.5095934951584,-0.161009485547667,-0.0454383241494263,0.0415798360150335,1.46982320158396
116,51.5095934819762,-0.161008182536464,0.0268202548274401,0.278469430494761,1.70419165880463
116.5,51.5095933015318,-0.161007054645417,-0.0870325908607483,0.0713096667767715,1.93935131695103
117,51.5095930219874,-0.161006210028021,-0.0448231216073093,0.149454861076467,2.17757687634272
117.5,51.5095924533217,-0.161005184175265,-0.183738463248167,0.137533768655623,2.41669253618876
118,51.5095918204029,-0.161004482285583,-0.110803315559845,0.0694071694706508,2.65580819769106
118.5,51.5095910950378,-0.161003873548171,-0.196828481001415,0.0951072313924724,2.66255795206435
119,51.5095900611947,-0.161003004155811,-0.253301817396844,0.138644700317688,2.65412691354081
119.5,51.509588414303,-0.161001601538871,-0.445674248361411,0.234035959717982,2.65207456712077
120,51.5095856175202,-0.16099920065285,-0.745993825267254,0.402903188812482,2.64754972154616
120.5,51.5095816391832,-0.160995748455907,-0.982728010139264,0.532857798850653,2.64307468382391
121,51.5095772029834,-0.160991890762488,-0.990214168885552,0.537606979331283,2.64576953852078
121.5,51.5095724575297,-0.160987774602235,-1.10195833717485,0.595293676694828,2.64520069368892
122,51.5095678952272,-0.160983850198409,-0.954455052944697,0.50964902630354,2.65274164826567
122.5,51.5095634794107,-0.160980079251097,-1.00229468698515,0.53337699350447,2.65123361065643
123,51.5095586841478,-0.1609759640022,-1.11234373019532,0.598039834463613,2.64863767369215
123.5,51.5095540076416,-0.160971937307286,-0.990386194318225,0.531872792056722,2.64846442839325
124,51.5095492466138,-0.160967867687294,-1.10772928902429,0.588322279579275,2.65471968407136
124.5,51.5095445058196,-0.160963886266117,-1.01793513100922,0.527988417626611,2.66305183892432
125,51.5095397922533,-0.160959972119614,-1.07049130061629,0.554342037385132,2.66396649390449
125.5,51.5095350175122,-0.160955944324635,-1.05684313684695,0.562721315311272,2.65014504962934
126,51.5095302750001,-0.16095181977185,-1.0542052825429,0.579695595779112,2.63859830434462
126.5,51.5095255932048,-0.160947662847499,-1.03308385345046,0.575455006964635,2.63268885742779
127,51.5095209626309,-0.160943502103301,-1.02849284778066,0.579325193395176,2.62846071198211
127.5,51.5095163403544,-0.16093931770409,-1.02856780243379,0.582199928687313,2.62630946572962
128,51.5095116056016,-0.160935026283969,-1.07106284348544,0.605450008214304,2.62742192117008
128.5,51.5095070661875,-0.160930890995851,-0.967423655248023,0.552320081628075,2.6219578831766
129,51.5095024241631,-0.160926621007774,-1.07878645954113,0.621307068704301,2.61906524553167
129.5,51.5094975312922,-0.160922069361404,-1.09572263557706,0.639501761637998,2.61221660901561
130,51.5094929084232,-0.160917746327736,-0.981731083721564,0.572801522498003,2.61451586463362
130.5,51.5094885110132,-0.160913635763634,-0.97623861983079,0.569338309792097,2.61256242003187
131,51.5094838888099,-0.160909310894542,-1.06511807311535,0.622349392424896,2.61367487539971
131.5,51.5094793456514,-0.160905046214327,-0.973001416850648,0.571034138195383,2.609743431681
132,51.5094749322104,-0.160900841763546,-0.988413605070151,0.592737740836462,2.60076808780336
132.5,51.5094704699822,-0.160896496245788,-0.996080258266817,0.610844213764595,2.59030924383495
133,51.5094660022618,-0.160892031866183,-0.992791189325876,0.626227156492494,2.57777349974879
133.5,51.5094611766109,-0.160887166962587,-1.13049135730114,0.710003022805603,2.5823474555855
134,51.5094567056559,-0.160882710657746,-0.899926975345938,0.554910153886993,2.58800931093604
134.5,51.5094522548305,-0.160878335082755,-1.05370748456148,0.644418954332822,2.59466016529356
135,51.5094476391861,-0.16087385591678,-1.00840873673865,0.606215590186923,2.59953082078401
135.5,51.5094430435969,-0.160869458937127,-1.03253140953666,0.613557936531037,2.60717067668402
136,51.5094385125871,-0.160865161164629,-0.991216474717969,0.585000505015993,2.60714613962599
136.5,51.5094340340922,-0.16086085887061,-1.00027162342414,0.606058113727723,2.59599499466294
137,51.5094296156731,-0.16085653224093,-0.971207532066644,0.597062330173223,2.59018445053223
137.5,51.5094249368035,-0.16085195082467,-1.0900755285187,0.663501983724872,2.59604410548135
138,51.5094203536615,-0.160847520551117,-0.970656105546815,0.581317019190541,2.601607060814
138.5,51.5094157281545,-0.160843067551444,-1.07027556343231,0.644211113563451,2.59965361607587
139,51.5094112200557,-0.160838708353731,-0.956128788082698,0.578043344487179,2.597700171842
139.5,51.5094067794392,-0.160834440527026,-1.0105043239591,0.602792701808636,2.60504332665537
140,51.5094020930145,-0.160830015117129,-1.06542570100184,0.622665865668229,2.61317768179022
140.5,51.5093973164567,-0.160825559748716,-1.06107626095327,0.615826487198678,2.61577363766385
141,51.5093928035586,-0.160821350548993,-0.964383764954538,0.562505871763788,2.61322679217088
141.5,51.5093882461554,-0.160817125183001,-1.04890388914203,0.603646461054729,2.62096554698076
142,51.5093835575395,-0.160812845100907,-1.03937487219579,0.587763925699265,2.62662740108677
142.5,51.5093791235628,-0.160808836701462,-0.94972037667989,0.534750908322351,2.62932225577868
143,51.5093747956221,-0.16080495371873,-0.972367314576455,0.542255399155607,2.63310501118859
143.5,51.5093700751873,-0.160800764413638,-1.10498688971834,0.609309984644102,2.63856906726777
144,51.5093654176648,-0.160796681675595,-0.988354800925929,0.537216637145225,2.64353862240006
144.5,51.5093609474314,-0.160792778056842,-0.999149592746103,0.545400816964972,2.64178297658939
145,51.5093562223102,-0.160788602429839,-1.08801209380488,0.603879767411359,2.63349993088843
145.5,51.5093516925456,-0.160784582336428,-0.951908911719415,0.526230758314527,2.63817278568722
146,51.509346993634,-0.160780475398558,-1.1111660218714,0.601084875465261,2.64640604115547
146.5,51.5093424512077,-0.160776492377475,-0.94049083339912,0.519436417035465,2.63545269658382
147,51.5093379613518,-0.160772500954684,-1.04007717860862,0.578573661550199,2.63478495174319
147.5,51.5093334259071,-0.160768497391814,-0.987612041080688,0.540043361643296,2.64143580696563
148,51.5093287238029,-0.160764399736991,-1.08738148398302,0.58922516831535,2.64561416201887
148.5,51.5093240576699,-0.160760342287278,-1.00393571563448,0.545307544952425,2.64326511657011
149,51.50931935253,-0.160756253571832,-1.07710329174487,0.583430289184483,2.64615777145
149.5,51.5093148698368,-0.160752386841449,-0.941738921247078,0.504344650828315,2.64944602643315
150,51.5093103406621,-0.160748511205459,-1.05407699618223,0.561806866378358,2.65283318108022
150.5,51.5093067009596,-0.160745377394098,-0.638971172612869,0.34647485793161,2.6443032431744
151,51.5093040719343,-0.160743066986662,-0.54722675212534,0.302841880936667,2.63567440519461
151.5,51.5093026531265,-0.160741390101796,-0.153647241370212,0.183841259983531,2.37658096033305
152,51.5093017606605,-0.160739624338123,-0.230048605323406,0.288121645949925,2.12658631461549
152.5,51.5093014056985,-0.160738377191323,0.0267591824724731,0.0927052738783158,1.87085546855422
153,51.5093012569218,-0.160737026880985,-0.0750106087072604,0.253848606339146,1.62026742160932
153.5,51.5093013199863,-0.160735799464966,0.0763634135934198,0.112038928876495,1.35702017285411
154,51.5093015058754,-0.160734965499864,0.0168636603261664,0.118431163948283,1.09842122329716
154.5,51.5093018189313,-0.160734235827442,0.106618073085783,0.0893381920449895,0.838536572711939
155,51.5093025011815,-0.160733299312366,0.183448684906258,0.158528713241746,0.578058521733659
155.5,51.5093032330534,-0.160732736198413,0.148438075949132,0.0219535869784523,0.317184869657944
156,51.5093036484534,-0.160732607515836,0.0532306818912612,0.0150081569186462,0.0647177169960515
156.5,51.5093045884306,-0.160732702615067,0.318312682493775,-0.0329539904032766,-0.190815336540514
157,51.5093054819899,-0.160733178355089,0.115196355594973,-0.0892311719846926,-0.450699990801278
157.5,51.5093061798528,-0.160733719322858,0.18334982363665,-0.0652342257958284,-0.450378745937672
158,51.5093071131796,-0.160734442771754,0.224713599167822,-0.125106958608215,-0.450650901054627
158.5,51.5093086348359,-0.160735623517571,0.418311957591977,-0.191141483080693,-0.451219756001676
159,51.5093116093451,-0.160737926822381,0.832377669844894,-0.409898570713741,-0.449019411084592
159.5,51.5093152512802,-0.160740746235274,0.795005241069607,-0.37859643121133,-0.451021958740305
160,51.5093198015069,-0.160744246150957,1.16475412323103,-0.561141258335419,-0.443975513842758
160.5,51.5093247593697,-0.160747999124676,1.06013027875137,-0.493094397682896,-0.438610368714038
161,51.5093296791432,-0.16075171778563,1.11895862115859,-0.532627542246501,-0.442838523704658
161.5,51.5093344442424,-0.160755306850055,1.01926862316545,-0.474362863051873,-0.435890978660393
162,51.5093390637387,-0.160758735209154,1.03397300127251,-0.477213408281045,-0.431514833766818
162.5,51.5093436841372,-0.160762160460853,1.02402124447216,-0.474484440228542,-0.435050688775541
163,51.5093484970013,-0.160765750876883,1.10379328955405,-0.515381821228879,-0.43631184376518
163.5,51.5093530379481,-0.160769118542916,0.945092055038764,-0.434173238742584,-0.430551098782047
164,51.5093581460174,-0.160772850673446,1.27071382169579,-0.577051311299185,-0.424988153709695
164.5,51.5093631062613,-0.160776428609552,0.986859255866452,-0.44063884412459,-0.420908708836703
165,51.5093677154398,-0.160779724586564,1.05275657034234,-0.469570816595238,-0.418510563880924
165.5,51.5093725295289,-0.16078314173728,1.08414193487184,-0.477921500587374,-0.415420118902126
166,51.5093775376977,-0.160786718986406,1.13558859446645,-0.509867282692485,-0.423158866344162
166.5,51.5093822182344,-0.160790101414793,0.975639375874415,-0.441517572044909,-0.424123321289797
167,51.5093872192882,-0.160793704268376,1.20884893083848,-0.541393803663903,-0.420835076159468
167.5,51.5093921777519,-0.16079728849293,1.02949123935734,-0.467082954498148,-0.42664563117946
168,51.5093970956603,-0.160800846922487,1.13970043635258,-0.513011531853786,-0.421577186241824
168.5,51.5094022959192,-0.160804591560047,1.16936136071363,-0.524815946918028,-0.423036141212011
169,51.5094072000072,-0.160808198169407,1.03656335049803,-0.483971122747787,-0.437450996133962
169.5,51.5094119271007,-0.160811752693636,1.06256855696753,-0.500267686445007,-0.439997851196548
170,51.5094167292702,-0.160815379705611,1.07276465978921,-0.50597077578209,-0.440863406078204
170.5,51.5094213791437,-0.160818868977325,1.00801686061625,-0.469464865820213,-0.435003760992857
171,51.5094262753097,-0.160822503643828,1.14650778661623,-0.529339426271693,-0.432605615955151
171.5,51.5094312937538,-0.160826213881207,1.095819457074,-0.505265680825415,-0.43188877091717
172,51.5094358460938,-0.160829541747876,0.954983603934766,-0.431858438141781,-0.424051125884617
172.5,51.5094406480818,-0.160833002356707,1.14800543713687,-0.514577268935285,-0.421158480869618
173,51.5094452232364,-0.160836248847831,0.927083718197047,-0.40613143534661,-0.412529635749805
173.5,51.5094502544215,-0.160839742191809,1.25423596027401,-0.540313142686734,-0.405186490743177
174,51.5094549347569,-0.160842951700138,0.892510101960752,-0.379386359318356,-0.40348064557231
174.5,51.5094598185194,-0.160846287210152,1.22267052132032,-0.521777765232868,-0.402269300381754
175,51.5094647011979,-0.16084962678365,0.991148195955256,-0.423062883251606,-0.404519455147572
175.5,51.5094696700289,-0.1608529985514,1.18580354602478,-0.499762676906918,-0.396582909945011
176,51.5094744522769,-0.16085618021081,0.978964254416687,-0.401197617461812,-0.390426564715809
176.5,51.5094795230498,-0.160859523484164,1.23289482889005,-0.508342082708261,-0.390204219447041
177,51.5094841865338,-0.160862617038488,0.901074359893163,-0.374394650346598,-0.394729074279325
177.5,51.5094892005875,-0.160865996796775,1.26596206070899,-0.535716267362776,-0.401577721594089
178,51.5094940927807,-0.160869300347655,0.964443331237205,-0.404802280447139,-0.396014776199379
178.5,51.5094993913815,-0.160872857340223,1.32924214227198,-0.556266921366486,-0.39737483083184
179,51.5095043681726,-0.160876198996885,0.952148949921448,-0.399411520430709,-0.396163485542618
179.5,51.5095092679422,-0.160879473659092,1.186978490208,-0.493396171016137,-0.394062040306535
180,51.5095143279645,-0.160882858485226,1.08321816387658,-0.453611029622146,-0.396806695112636
180.5,51.509519346051,-0.160886222968412,1.13998693828734,-0.47665858752619,-0.395694249896398
181,51.5095240420818,-0.160889373054953,0.978421682646377,-0.409916889045672,-0.397153204719822
181.5,51.5095288872084,-0.160892675399013,1.14791726785481,-0.492576381505356,-0.407117559561369
182,51.5095338450255,-0.160896088706412,1.07189887993353,-0.46090754154809,-0.404422714372095
182.5,51.509538927576,-0.160899567632264,1.17229582944867,-0.498564870295674,-0.40291466921669
183,51.5095436932804,-0.160902812505384,0.982161606591223,-0.416956532743581,-0.400615423959257
183.5,51.509548906147,-0.160906335783387,1.28440785841845,-0.539799716061572,-0.397623878573227
184,51.5095538013057,-0.160909628121871,0.95265307137008,-0.3992961628137,-0.397104833308052
184.5,51.5095587753544,-0.160912980245732,1.21472390518461,-0.511760892292399,-0.399058288105679
185,51.5095636620249,-0.160916304747746,0.998220938993312,-0.42651536618607,-0.40387984295566
185.5,51.5095684154948,-0.160919595244334,1.09938591914165,-0.478160179751685,-0.411618590197575
186,51.5095733294522,-0.160922994987567,1.08927960695699,-0.467796368814797,-0.403484244939168
186.5,51.5095781307735,-0.160926284128904,1.05374609369179,-0.448943406159797,-0.404448699663106
187,51.5095828446399,-0.160929545442181,1.04553713889756,-0.455571595196782,-0.410654854384358
187.5,51.5095875907002,-0.160932863443941,1.06346173464411,-0.46431308007443,-0.412064001700511
188,51.509592407699,-0.160936269958924,1.07774907356238,-0.479087472436209,-0.419110449125753
188.5,51.5095972599299,-0.160939721622936,1.08107552098299,-0.479402723031018,-0.416415604130943
189,51.5096017612714,-0.160942890219625,0.946012734272966,-0.4123640419838,-0.411347159108857
189.5,51.5096055549961,-0.160945513325849,0.772879703490714,-0.330528267086348,-0.403311714133979
190,51.5096086698312,-0.160947660294693,0.637262704832055,-0.27542125082669,-0.4090724616415
190.5,51.5096105682917,-0.160948572631098,0.272064972599483,-0.0225617170375192,-0.173616109056743
191,51.5096118990254,-0.160948696912165,0.312943894569861,-0.0135432863957168,0.05719194410765
191.5,51.509612358331,-0.160948564653432,-0.0453147920252855,0.0406999128894056,0.298384498009778
192,51.5096129035147,-0.160948176542533,0.237952234652909,0.0631234570438678,0.53769795289551
192.5,51.509613580454,-0.160947336708399,0.0895057568144001,0.154056031530296,0.7798795085374
193,51.5096140343136,-0.16094642723375,0.109031781998976,0.106841837935346,1.01256666545353
193.5,51.5096142848986,-0.160945560278296,0.0184689542613166,0.12985513658779,1.26147342286928
194,51.5096144473315,-0.160944143898665,0.0485167464165817,0.243437142312316,1.51661088088434
194.5,51.5096144111066,-0.160943259158961,-0.0476648434790663,0.0384363865028035,1.75602324004295
195,51.5096141807622,-0.16094208209694,-0.0537692074145225,0.250939461012603,1.9933587005241
195.5,51.509613827953,-0.160941144763196,-0.0958220598003292,0.0455995645440603,2.23376006186903
196,51.5096133152713,-0.160940320305735,-0.126861569466791,0.162693100950152,2.47515042433247
196.5,51.5096127077078,-0.160939548710158,-0.141025774472462,0.0682496051473728,2.46775748090905
197,51.5096117291093,-0.160938290237629,-0.271465793411178,0.249287135614144,2.4629359387235
197.5,51.5096098976958,-0.160935944458387,-0.502760283783227,0.379219134180333,2.47166369640959
198,51.5096073787375,-0.160932739403767,-0.600938282853407,0.491098341117574,2.46941355388966
198.5,51.5096040852395,-0.160928513839996,-0.825206288425712,0.653673704811029,2.46355391804461
199,51.5096001672053,-0.160923415011554,-0.904467918486293,0.746004810593923,2.45551848395107
199.5,51.5095961183567,-0.160918131019964,-0.898469213476482,0.725080833535012,2.46078474051424
200,51.5095918238383,-0.160912556066535,-0.995600207795216,0.808409172692161,2.46071039797831
200.5,51.5095878371358,-0.160907371017688,-0.811168013260594,0.658042605320536,2.45895475500867
201,51.5095837771427,-0.160902109032332,-0.967994881371687,0.781460149763107,2.46412211148126
201.5,51.5095797164174,-0.160896848491406,-0.858493067806909,0.694727021765882,2.45939946928685
202,51.509575541922,-0.160891369358775,-0.978181230416873,0.807038836777634,2.45131422685398
202.5,51.5095714719691,-0.160886016383328,-0.854853219408233,0.698641310231571,2.45737168403194
203,51.5095671425703,-0.160880399549861,-1.03932589307582,0.836803323169021,2.46471484124511
203.5,51.509562963884,-0.160875039638765,-0.853183575749785,0.679443563656148,2.46849759847233
204,51.5095589869543,-0.160869946524641,-0.907162807650545,0.726618130843339,2.46624745628745
204.5,51.5095547732293,-0.160864544953676,-0.958952165390723,0.766407230105971,2.46755771319234
205,51.5095507015744,-0.160859306160101,-0.868957389217287,0.700131395501784,2.46263727064967
205.5,51.5095466464612,-0.160854034524067,-0.925696332973501,0.754277047646847,2.45746993507806
206,51.5095426038099,-0.160848738330358,-0.881264994768466,0.722172037763276,2.45507179982912
206.5,51.509538393771,-0.160843218392017,-0.97568625809915,0.797460561900224,2.45667875750367
207,51.5095344186974,-0.160838010466921,-0.820708794856094,0.671108001390711,2.45581321580734
207.5,51.5095301900204,-0.160832416967329,-1.02512601241611,0.850569751558102,2.44728328048391
208,51.5095260299332,-0.160826909760201,-0.856087830081589,0.70457731246995,2.45502203829893
208.5,51.5095221463157,-0.160821743905788,-0.86983169528273,0.726195821508635,2.44258519603994
209,51.5095181335564,-0.160816281285622,-0.909062694984209,0.781114534728232,2.43222525437396
209.5,51.5095143351021,-0.160811061755076,-0.800533820355981,0.685290227714128,2.43333771275176
210,51.5095100430904,-0.160805154862132,-1.06320671840838,0.914619296226917,2.43069197073693
210.5,51.5095060481214,-0.1607996586988,-0.766970449864042,0.657136310788249,2.43368352792966
211,51.5095018723729,-0.160793963931327,-1.04272107668488,0.884255047767465,2.43934538647506
211.5,51.5094979120456,-0.160788618175309,-0.768206193139437,0.642887850248272,2.44382044326349
212,51.5094938312406,-0.160783176624249,-1.00594084914095,0.834457435037562,2.45136140076305
212.5,51.509489556356,-0.160777563163382,-0.912942936665864,0.740938185043662,2.45890235762317
213,51.5094856152894,-0.160772399000893,-0.851764934681634,0.700344806763408,2.45343832207171
213.5,51.5094814505085,-0.160766900821413,-0.979216125599271,0.807605064207182,2.45158378036136
214,51.5094773614648,-0.160761475100234,-0.861350405787029,0.715419201356061,2.44844353738551
214.5,51.5094732123354,-0.160755946611085,-0.966585645162139,0.8042078270529,2.44747909500778
215,51.5094690215464,-0.160750389239906,-0.908679915858866,0.74887352010857,2.45314095278764
215.5,51.5094649168937,-0.160744993871752,-0.916630344971605,0.749366790394551,2.45613250940314
216,51.5094605998126,-0.160739352674243,-0.991422339676775,0.807049719600179,2.4589262669422
216.5,51.5094563756817,-0.160733860466673,-0.903906798042028,0.731502666232173,2.46102772460051
217,51.5094522809761,-0.160728556147745,-0.916208732779798,0.740034537756151,2.46253578106542
217.5,51.5094483283071,-0.160723414813746,-0.853867850044098,0.69558968113323,2.45702193743747
218,51.5094442888578,-0.160718112370624,-0.930333647162184,0.764731061878481,2.45358499440778
218.5,51.5094403525692,-0.1607129388229,-0.837784029375908,0.685906389587436,2.45578535226463
219,51.5094361434779,-0.16070741703706,-1.00576445653911,0.823285535149207,2.45541430912168
219.5,51.5094320509601,-0.160701998162971,-0.844080762225951,0.702827883313178,2.44668657438585
220,51.5094280004861,-0.16069660735615,-0.941355033458645,0.780523060712265,2.45037043201094
220.5,51.5094241454523,-0.160691495474106,-0.799332002894358,0.660296208790775,2.45029608967772
221,51.5094199064496,-0.160685922092982,-1.04399574556008,0.853392219277454,2.4587271467947
221.5,51.5094158247921,-0.160680592015656,-0.813210611429717,0.660793133992045,2.45697150480692
222,51.509411794393,-0.160675272027039,-0.955370242269872,0.793231159134616,2.44819396120901
222.5,51.5094076698476,-0.160669805512277,-0.891472084438701,0.735112238425369,2.45296571855633
223,51.50940353729,-0.160664354521887,-0.939231647948668,0.772131061953832,2.45289137584686
223.5,51.5093994597764,-0.160659016394744,-0.884977960122449,0.719576559450597,2.46033343261079
224,51.5093953495052,-0.160653632123948,-0.935347032011987,0.767257063926783,2.45229799734798
224.5,51.5093911423935,-0.160648106521514,-0.936721489424958,0.767242256819104,2.45776205460084
225,51.5093873705961,-0.16064316239361,-0.771088843456318,0.629995261130049,2.45422621130611
225.5,51.5093831217087,-0.160637608324919,-1.06750512137429,0.870045228540679,2.46048146932198
226,51.5093790371831,-0.160632283913021,-0.797838988763783,0.647799712223518,2.45694562670662
226.5,51.5093749267155,-0.160626899923472,-0.996418608410604,0.817435036837343,2.45578338482808
227,51.5093708510715,-0.16062155804248,-0.844239862255212,0.68875066486286,2.45630244254009
227.5,51.5093667298488,-0.160616195280134,-0.96800640572785,0.783758899720959,2.46285439994778
228,51.5093629499328,-0.160611267194248,-0.752260532221301,0.614647503370715,2.45442336479845
228.5,51.5093595821572,-0.160606855554059,-0.747378322640497,0.611118125510246,2.45820612249244
229,51.5093572942693,-0.160603858972747,-0.342296423238588,0.279562887080142,2.45457138030325
229.5,51.5093561455204,-0.160601901898412,-0.194940735340714,0.266275056705004,2.19666473706
230,51.5093556322794,-0.160600394153471,-0.0576900806713577,0.169511952656521,1.94370309292408
230.5,51.5093554443406,-0.160599199056578,-0.0307103236955049,0.163445285726654,1.69163154760392
231,51.5093554528325,-0.160597759535982,0.0247095381289404,0.225388378214532,1.43105460149064
231.5,51.5093557122217,-0.160596236386071,0.0808249326876414,0.201768983456748,1.17769735428843
232,51.5093561815131,-0.160594927925651,0.120945914732272,0.167624917439062,0.920581905422952
232.5,51.5093567844928,-0.160593956936564,0.143432736463524,0.111865362567039,0.655059955802552
233,51.5093575984486,-0.160593197578714,0.207499943704675,0.100941313067029,0.399329104706143
233.5,51.5093585890415,-0.160592755057244,0.229471109787983,0.0337986483043902,0.144389452627868
234,51.5093596167809,-0.160592733786574,0.228143033003732,-0.018638094160993,-0.11856110045607
234.5,51.5093604032841,-0.160593055667948,0.13781795974646,-0.0629337017102411,-0.381511654716175
235,51.5093610363422,-0.160593623755344,0.143000366481719,-0.0900439123774494,-0.639418309947946
235.5,51.5093619052181,-0.160594652667791,0.22857775564179,-0.179844897455086,-0.633360866436298
236,51.5093630944738,-0.160596044645971,0.289866706984382,-0.202686166891407,-0.628292423015309
236.5,51.5093646074492,-0.160597792191889,0.369420984193492,-0.270629321643327,-0.620751479373586
237,51.5093668018403,-0.160600294572601,0.571498629786806,-0.401248453475127,-0.616177535616002
237.5,51.5093701622837,-0.160604146960249,0.871138013527028,-0.62848521668957,-0.625746291761195
238,51.509374118946,-0.160608704928624,0.886927915995482,-0.635972274424641,-0.620776747998527
238.5,51.5093783907332,-0.160613637476442,0.995080278779264,-0.719150989983229,-0.627971904287581
239,51.5093826797996,-0.160618650905227,0.925909987379813,-0.680017790151701,-0.632397860724582
239.5,51.5093868157659,-0.160623526424249,0.916414568551718,-0.674857226741336,-0.636032616944481
240,51.50939108386,-0.160628585640006,0.973042617435542,-0.721831252461861,-0.637689373102156
240.5,51.5093952310406,-0.160633554099662,0.887663846272437,-0.667526288954312,-0.646219321804031
241,51.5093993629536,-0.160638555242913,0.94165356933824,-0.713254640477102,-0.647529570796272
241.5,51.5094036668631,-0.160643770996537,0.96892354138637,-0.731903593503547,-0.647406127520283
242,51.5094078765504,-0.160648838827402,0.914192236705376,-0.683931958057483,-0.641150884044808
242.5,51.5094119633306,-0.160653703448128,0.906010884604364,-0.669544126663867,-0.636576940373567
243,51.5094162323615,-0.160658760641376,0.980679561599111,-0.725072350790119,-0.636552396753303
243.5,51.5094203912715,-0.160663703969087,0.886754995482965,-0.659324465311028,-0.639791553204189
244,51.5094244730253,-0.160668579448744,0.923315594558301,-0.68933231311975,-0.641250509649485
244.5,51.5094283851164,-0.160673235178323,0.833543216303184,-0.616454608778851,-0.636280965963061
245,51.5094329147817,-0.160678549685125,1.12999961715901,-0.822973560503241,-0.62765212223986
245.5,51.5094368942495,-0.160683176414921,0.714351635560881,-0.516060119174212,-0.627627578743037
246,51.5094411987261,-0.16068815581067,1.12824941424953,-0.814146371243243,-0.622855834860945
246.5,51.5094454846238,-0.160693056854861,0.831492990401022,-0.586990968211623,-0.616699491019398
247,51.5094496707867,-0.160697821108565,1.00149480074717,-0.713710198248835,-0.618356247295767
247.5,51.5094539956921,-0.160702754876917,0.934977033471277,-0.665020623473997,-0.61892510337669
248,51.5094585374217,-0.16070792326316,1.06355961470386,-0.754484840458581,-0.616032459616449
248.5,51.5094629387601,-0.160712925858528,0.920444668400177,-0.652724784144098,-0.617788115686072
249,51.509467260839,-0.160717865962983,0.99064289761772,-0.709205714100238,-0.621323971760546
249.5,51.5094715730654,-0.160722828138327,0.937777168800268,-0.674878792150601,-0.624167527999356
250,51.5094758695171,-0.160727825250089,0.96881587474967,-0.707154277060245,-0.631461584281182
250.5,51.5094801271071,-0.160732789280595,0.932388242041894,-0.676752490205124,-0.626492040442669
251,51.5094843204524,-0.160737657349868,0.933585096563797,-0.675381965419129,-0.627357596724194
251.5,51.5094887142013,-0.160742796393186,1.0085559311273,-0.740304692511165,-0.633612845471837
252,51.5094930691311,-0.160747902208972,0.941391848661191,-0.687015304092654,-0.629632301583921
252.5,51.5094976291745,-0.160753268503129,1.06599697474893,-0.78580370850064,-0.637173250261944
253,51.509501884315,-0.160758355579508,0.863434877513114,-0.650742321216436,-0.64471419917465
253.5,51.5095061336626,-0.160763455150941,1.00303699526586,-0.748234639087556,-0.640832555641363
254,51.5095105304579,-0.160768705346243,0.961091973975953,-0.71554467451341,-0.639917911959327
254.5,51.509514904219,-0.160773887990244,0.981740106594676,-0.722482043535454,-0.633464868491162
255,51.5095192272359,-0.160778945361133,0.948090946325188,-0.688055049480382,-0.627704125130796
255.5,51.5095235240987,-0.16078394166646,0.961751764188829,-0.697739307452472,-0.627679581668645
256,51.5095279232494,-0.16078906889567,0.990882643630711,-0.721864792028095,-0.629929738035457
256.5,51.5095323823485,-0.160794301469093,0.993168272868294,-0.729843330842579,-0.634157894285606
257,51.5095366565094,-0.160799347530872,0.921610005571849,-0.6802321782411,-0.635715750544583
257.5,51.5095408709084,-0.16080428783464,0.949094065104419,-0.689995706697633,-0.627383607051963
258,51.5095451031787,-0.160809188851031,0.936615610870838,-0.673887348128412,-0.624095363469062
258.5,51.5095493801415,-0.160814109965153,0.962256740885066,-0.689907157456669,-0.621301619564782
259,51.5095536330264,-0.160818964917823,0.935199793175729,-0.663075782667755,-0.616628775968962
259.5,51.5095579572263,-0.160823900248896,0.981116701497208,-0.700830943638462,-0.621103825026564
260,51.5095622820334,-0.16082883420738,0.949204508408668,-0.674078221562924,-0.61623318119375
260.5,51.5095665702671,-0.160833730026808,0.957708080644369,-0.683802301997895,-0.621796130169981
261,51.5095710719953,-0.160838867977461,1.03251622369765,-0.734150346544602,-0.615936486524514
261.5,51.5095752332857,-0.160843567603199,0.851369831051029,-0.595440128538491,-0.611857043114254
262,51.5095796278426,-0.160848463997264,1.06641225048604,-0.738984279717089,-0.603228199426194
262.5,51.5095838952145,-0.160853163960501,0.867771099061161,-0.592135831480159,-0.601027855418915
263,51.5095883453126,-0.160858054538985,1.07594149241112,-0.739924301207614,-0.601201111711999
263.5,51.5095926393421,-0.16086281549817,0.87118462611618,-0.605875675445961,-0.609286367736776
264,51.5095970746025,-0.160867861725855,1.06793921616037,-0.767047123666066,-0.625481424208122
264.5,51.5096013272335,-0.160872836533543,0.861126030035744,-0.637368337625154,-0.635643580602587
265,51.5096056932124,-0.160878036000898,1.04877246444267,-0.781174193562295,-0.642542037028196
265.5,51.509609934898,-0.160883151916675,0.870402352490105,-0.660787668125243,-0.64780828614469
266,51.509614246403,-0.16088835150718,1.02167265365732,-0.764809501640473,-0.642443142551817
266.5,51.5096182259797,-0.160893095951237,0.79022175776567,-0.584557017895007,-0.636781299114437
267,51.5096223844891,-0.160898040167978,1.01992399274107,-0.75788989326215,-0.639822655375071
267.5,51.5096255509106,-0.160901844291957,0.483845797977628,-0.367438511353208,-0.646770204581909
268,51.5096281101521,-0.160904966256689,0.629416755153051,-0.47973111090003,-0.654508953913154
268.5,51.5096295501947,-0.160906352046778,0.104146995276113,0.00869679480115665,-0.427063503194666
269,51.5096308200845,-0.160906997894997,0.407470483210435,-0.158539866377106,-0.187552251383952
269.5,51.5096317175913,-0.160907097628459,0.0542791792475038,0.0874358791968942,0.0490909014491726
270,51.5096326896082,-0.160906831929474,0.32969871269314,0.00151297841750225,0.288799955438333
270.5,51.5096331178111,-0.160906534534775,-0.0688086976632776,0.0691407636384101,0.529102410571024
271,51.509633628935,-0.160905917146618,0.241513834506868,0.0973355847722035,0.762679667004032
271.5,51.5096340890765,-0.160905016811902,0.00500247531048095,0.144388580661989,1.00644362493104
272,51.5096345305776,-0.160903526949326,0.163509116429457,0.250609190880605,1.24842738411702
272.5,51.50963477058,-0.160901639105012,-0.0236683860039113,0.270198120164036,1.4912023446403
273,51.5096347441983,-0.160900614758798,0.00658821979653464,0.0526576446521571,1.73288940730763
273.5,51.5096345258355,-0.160899432970602,-0.0872139452091331,0.242100067567149,1.98446647097214
274,51.5096341759,-0.160898493548233,-0.0713237067367925,0.0522800599671494,2.23347213652087
274.5,51.5096338045745,-0.160897736550362,-0.0905382610739041,0.142092869593259,2.24051859614525
275,51.5096330006192,-0.160896102821182,-0.240743075583949,0.286175830179165,2.23658715561663
275.5,51.5096320063757,-0.160894086815551,-0.207581896979132,0.275553905837687,2.24264461488406
276,51.5096299992676,-0.160890059179616,-0.613940691648281,0.757833487940758,2.24672407498347
276.5,51.5096274755441,-0.160884994087017,-0.524914564631713,0.665128915256783,2.24249593434945
277,51.5096244663328,-0.160878852202809,-0.770883041338793,0.984198286139941,2.23035579364876
277.5,51.5096214070543,-0.160872507002393,-0.617644457436404,0.808842510382686,2.22691885328387
278,51.5096179523021,-0.160865327255259,-0.874511122008047,1.12858600745105,2.22842691301523
278.5,51.5096147198811,-0.16085857856057,-0.610601086995041,0.803015955262382,2.22246837992272
279,51.5096112265365,-0.160851270153267,-0.894040171374503,1.16303501936877,2.22644893853342
279.5,51.5096079544598,-0.160844482201621,-0.611931707868895,0.788168470281021,2.23062729720821
280,51.5096046371984,-0.160837573720408,-0.826500043353622,1.07902612406536,2.22269076436644
280.5,51.5096014182122,-0.160830808509959,-0.63912672166097,0.841606876208548,2.2218252247367
281,51.5095982454281,-0.160824162577475,-0.752810765894031,0.979644943590219,2.22590468418967
281.5,51.5095950357179,-0.160817473972607,-0.687200310964867,0.893091206696127,2.22681934448039
282,51.5095916906664,-0.160810511529954,-0.784324449995988,1.01831824938287,2.22704170529636
282.5,51.5095884889608,-0.160803901370517,-0.662112753667328,0.847503101991721,2.23468156493451
283,51.5095851952461,-0.160797140332982,-0.782466098168401,1.00268854369029,2.23262922464514
283.5,51.5095818156157,-0.160790220939352,-0.730718898369158,0.931438760146682,2.23720318373414
284,51.5095785776306,-0.160783567514538,-0.713360434468867,0.91853186265257,2.22911794290514
284.5,51.5095754830458,-0.160777089687179,-0.671265926203164,0.886117066213741,2.21925250170655
285,51.5095723467069,-0.160770399547388,-0.716526836460383,0.958923823310053,2.21096946100324
285.5,51.5095691313768,-0.160763455125004,-0.714724929376806,0.967982549291671,2.20733471980902
286,51.5095657867269,-0.160756229531235,-0.764905289476955,1.02801200350489,2.21072187878036
286.5,51.509562659152,-0.160749528802203,-0.647664031268814,0.862097290420649,2.21529583838072
287,51.5095593555151,-0.160742515790749,-0.796333578416304,1.05195190992529,2.21957309698888
287.5,51.5095559477842,-0.160735366348936,-0.731641519155159,0.951258162407115,2.22661955601948
288,51.5095527233629,-0.160728696002427,-0.707583648958325,0.908653533472253,2.23317151548223
288.5,51.5095495049476,-0.160722106659727,-0.722152242474885,0.919355946806706,2.2366575735589
289,51.509546118808,-0.160715195420119,-0.775400892538824,0.987848098624829,2.2361876322617
289.5,51.5095429061542,-0.160708687771325,-0.672500693817237,0.844636138012408,2.24402529019934
290,51.5095395247904,-0.160701948990445,-0.808350388087291,0.999443332767427,2.25206075006041
290.5,51.5095361985481,-0.160695408282428,-0.692404280494141,0.844323326889213,2.25712920915567
291,51.5095327948154,-0.160688788713932,-0.802879572113834,0.971522458027469,2.26288996821151
291.5,51.5095293082186,-0.160682097802962,-0.756892697191426,0.899323574060297,2.2702331276808
292,51.509525886019,-0.160675593808079,-0.764723325950652,0.90574137197034,2.2724334865763
292.5,51.5095225319052,-0.160669180699053,-0.733486419774797,0.879795419742716,2.2642991529932
293,51.5095188574427,-0.160662104053095,-0.876533615306039,1.05458561319771,2.26531271202068
293.5,51.5095154006097,-0.160655464253902,-0.694075801761111,0.829114909331461,2.26691967137365
294,51.5095122612829,-0.160649491875032,-0.701690182960867,0.829399907664383,2.27475733062154
294.5,51.509508737641,-0.160642850918287,-0.841738635338547,0.987018371952775,2.27616649026408
295,51.5095052067316,-0.160636219886136,-0.746453878582608,0.874342867133009,2.27826795005283
295.5,51.5095018367472,-0.160629919831485,-0.752278539826639,0.875088561737551,2.28066611049627
296,51.5094983415419,-0.160623423804657,-0.795569822686151,0.920825946016104,2.28405326950729
296.5,51.5094949657443,-0.160617131793554,-0.720096409566616,0.840651949684389,2.27784712996316
297,51.509491624577,-0.160610792612293,-0.759827842580023,0.907908379026967,2.26649818899107
297.5,51.5094882924791,-0.160604350083239,-0.72858511903809,0.885224252490482,2.25925395620132
298,51.5094848478817,-0.160597694060623,-0.793011233450835,0.951498452313641,2.2670916156043
298.5,51.5094816115906,-0.16059148722605,-0.669114997813715,0.79907569162452,2.26662167529985
299,51.5094782671628,-0.16058506105763,-0.796748201898708,0.957545535944677,2.2652616341851
299.5,51.5094748213137,-0.160578406632416,-0.745770594599961,0.900496831643633,2.26167670059392
300,51.5094715611946,-0.160572050033934,-0.711197070745226,0.87012895833793,2.25581706754882
300.5,51.5094683035769,-0.160565600086534,-0.734452290258059,0.913421615059252,2.24664392810887
301,51.5094650577301,-0.160559045521179,-0.713720922181735,0.907811962626834,2.23658068858476
301.5,51.5094617100593,-0.16055226366537,-0.766750831518117,0.965390815725865,2.24352824854679
302,51.5094584526584,-0.160545723706601,-0.695482681895178,0.867985856545068,2.24533300771391
302.5,51.5094552195499,-0.160539242056431,-0.736181008151629,0.922405672084005,2.24496196760266
303,51.5094518770514,-0.160532542800531,-0.749072190862804,0.935677825269934,2.24557992738514
303.5,51.5094486571169,-0.16052613382404,-0.693684931010788,0.857866864277443,2.2517362866534
304,51.5094453846805,-0.160519703114635,-0.752316402529963,0.917464708293104,2.25809044616773
304.5,51.5094420341895,-0.160513104039928,-0.740800812165148,0.915489028403665,2.24951070555186
305,51.5094388000115,-0.160506623851336,-0.704862904990032,0.888808995738445,2.24132656556994
305.5,51.5094357585846,-0.160500522758744,-0.657105643681428,0.817999339884187,2.24837302508726
306,51.5094327044486,-0.160494437930845,-0.695343314472225,0.863726906951757,2.24800198471901
306.5,51.509430079997,-0.160489233720323,-0.506036095284686,0.623847540902552,2.25297154414489
307,51.5094282373536,-0.160485621836618,-0.342809104688219,0.415893626738362,2.25932570353957
307.5,51.5094272753277,-0.16048317101752,-0.123948350185121,0.287391513630496,2.00527616253708
308,51.5094269492729,-0.160481534686674,-0.0365760401176936,0.185082643552337,1.75449031990049
308.5,51.509426903795,-0.160480235231012,0.00839985467317672,0.177179299312318,1.49915507625212
309,51.5094270848085,-0.160478825363921,0.0625938314540026,0.208774311624888,1.23660013126952
309.5,51.5094274496691,-0.160477663427739,0.0942036139585218,0.128133587364619,0.972561684428658
310,51.5094280487922,-0.160476591227302,0.160693508729729,0.163399924626509,0.708424335986868
310.5,51.5094287989994,-0.160475797573907,0.171302599898441,0.0729623204468981,0.458528586231837
311,51.5094295656626,-0.160475364051339,0.170101211809513,0.0512595857176638,0.219907435086464
311.5,51.5094305895475,-0.160475215626847,0.268243897518478,-0.000846038324125546,-0.0394827174406601
312,51.5094311341407,-0.160475365231443,0.0182377363106207,-0.0347220086512698,-0.300059671396138
312.5,51.509431756399,-0.160475815483817,0.22262121836473,-0.0819768775446162,-0.548175226654203
313,51.509432358405,-0.160476583001534,0.0718917094651625,-0.123789099826593,-0.795895183274254
313.5,51.5094329282376,-0.160477525269466,0.165231828448436,-0.135770410942557,-0.806255141028648
314,51.5094335809186,-0.1604786305386,0.131233592979447,-0.165859998504305,-0.819680998914361
314.5,51.5094349123811,-0.160480918475438,0.411801567126621,-0.423966525577376,-0.820843257448807
315,51.5094369257879,-0.160484384250014,0.473369553431701,-0.521321050822845,-0.821412115574118
315.5,51.5094399549628,-0.160489579683364,0.814516302782345,-0.861459518868175,-0.81723377385325
316,51.5094432743184,-0.160495200787231,0.685483001293079,-0.723842201466539,-0.808703832092103
316.5,51.5094465339198,-0.160500720155293,0.753202556383553,-0.79615945248941,-0.817134882420467
317,51.5094502383452,-0.160507007658399,0.874066661059495,-0.926855834444189,-0.811077440559807
317.5,51.5094538779342,-0.160513201048179,0.764935500871444,-0.813152764927977,-0.81970629141969
318,51.5094573944795,-0.160519196334523,0.794782417394757,-0.845982418493458,-0.812956550107879
318.5,51.5094609930611,-0.16052535554886,0.804922230490734,-0.861696804223962,-0.823613208349888
319,51.5094646692888,-0.16053178041911,0.827196285365178,-0.913404774801823,-0.833775366674421
319.5,51.5094683677042,-0.160538267536045,0.819997600954212,-0.891902419640595,-0.827223424952111
320,51.5094720186444,-0.160544634930702,0.807077777480614,-0.878693471328619,-0.828088983148494
320.5,51.5094756235643,-0.160550975038146,0.798713117336787,-0.881498463113997,-0.835580841545297
321,51.5094791309672,-0.160557174052741,0.767679696648193,-0.846229855373412,-0.83298489951267
321.5,51.5094827167974,-0.160563447487233,0.819070556889463,-0.888484597946688,-0.825443957924541
322,51.5094861904789,-0.160569506645904,0.740673375116146,-0.808326318139128,-0.830017908753307
322.5,51.5094898028505,-0.160575835935091,0.848015044256059,-0.92820135421876,-0.829894466872292
323,51.5094933656567,-0.160582142897551,0.754126291552532,-0.839018485449557,-0.840254425211273
323.5,51.5094969026435,-0.160588487214629,0.810081436831384,-0.910263940941116,-0.842999083627702
324,51.5095004978153,-0.160594935580692,0.792923069047176,-0.884952778616061,-0.840205341751179
324.5,51.5095040430178,-0.160601268119571,0.78603154941831,-0.875329456435274,-0.838895099914866
325,51.5095074786677,-0.160607382736337,0.749414108226707,-0.830625138162659,-0.836595858155087
325.5,51.5095110080143,-0.160613644157188,0.81048986881036,-0.896571162074995,-0.835730309064193
326,51.5095145283552,-0.160619918543506,0.764330152243387,-0.853469330609047,-0.841194360106109
326.5,51.5095179142973,-0.160626010709336,0.74580163928964,-0.840627352247371,-0.845125818610551
327,51.5095214155325,-0.160632312515208,0.802384651151325,-0.899102160156387,-0.841540876872303
327.5,51.5095249968334,-0.160638780617254,0.793063715694326,-0.897423887299402,-0.848538235455055
328,51.5095283254488,-0.160644860751916,0.704002659781684,-0.807018878206169,-0.852766393989947
328.5,51.5095316315691,-0.160650972272785,0.757835902480383,-0.877710993156255,-0.860357152631782
329,51.5095350872639,-0.160657430618221,0.776733641593479,-0.910094319954014,-0.863596311354599
329.5,51.509538477382,-0.160663795013683,0.738698906831683,-0.865248994422809,-0.864807662488386
330,51.5095422016127,-0.160670804529657,0.891711208416827,-1.04892123047092,-0.866117913573597
330.5,51.5095457072629,-0.160677378242336,0.701918007798763,-0.817479223256696,-0.861148372257462
331,51.5095493415714,-0.160684143275712,0.883442090725128,-1.02464972854285,-0.85884913086009
331.5,51.5095529657238,-0.160690922221185,0.752533415227934,-0.882914196347451,-0.865945389656839
332,51.5095562839482,-0.160697201163951,0.72844313543811,-0.864103401566139,-0.870272448308019
332.5,51.5095596161609,-0.160703552611146,0.750597805808721,-0.894385506107649,-0.873116007073807
333,51.509563004976,-0.160710010328881,0.756501098716534,-0.898273060246102,-0.870025565665715
333.5,51.5095665116803,-0.16071667428108,0.796963869663954,-0.944233253633454,-0.870396624457111
334,51.5095699521446,-0.160723244925345,0.743582676341146,-0.890035684933582,-0.874921483043197
334.5,51.5095734516295,-0.160729918567319,0.803275837169532,-0.952286446395088,-0.868962941576397
335,51.5095767203529,-0.160736081577893,0.674198235685726,-0.788176401753361,-0.863696700091776
335.5,51.5095802547361,-0.160742707872752,0.865046212114291,-1.01241143756642,-0.86337545879423
336,51.5095837214786,-0.160749242934164,0.705865548796055,-0.833911167598436,-0.869087117445526
336.5,51.5095871911769,-0.160755865431049,0.818410143965045,-0.979500353179809,-0.875639068519606
337,51.5095905533056,-0.160762358854934,0.698937542303373,-0.847120172237282,-0.880707519640869
337.5,51.5095938672877,-0.160768825388136,0.764355501798767,-0.933438652025375,-0.885726878462461
338,51.5095973394143,-0.160775626183701,0.778385760957412,-0.951918101270986,-0.884416637123833
338.5,51.5096007335402,-0.160782258462611,0.739058473929036,-0.899204079337147,-0.883403095801231
339,51.5096040718754,-0.160788783371861,0.745483107815759,-0.91075921760689,-0.884664255113113
339.5,51.5096075780497,-0.16079562977023,0.804475986593297,-0.97855786721475,-0.882463914000097
340,51.5096108788804,-0.160802023135455,0.685503668926004,-0.824160429627392,-0.876703172382292
340.5,51.509614318409,-0.160808594990923,0.821250890479851,-0.974371059008483,-0.869063331066826
341,51.509617846722,-0.160815229499283,0.759813143888213,-0.884012683055687,-0.860928989692365
341.5,51.5096212066521,-0.160821543277744,0.739123781960715,-0.871555302131383,-0.86842084805919
342,51.5096245418834,-0.160827890640368,0.744263271271704,-0.88820288404477,-0.873440206594378
342.5,51.5096277242381,-0.160833987643123,0.682835522028739,-0.817452161450423,-0.874998065477441
343,51.5096310940748,-0.16084047082978,0.796755557474786,-0.958136054123956,-0.877544924022659
343.5,51.5096344392788,-0.160846895961078,0.707693484569093,-0.845953283528513,-0.873366582787223
344,51.5096377027331,-0.160853157466519,0.739112692551553,-0.885857328388652,-0.876506841114937
344.5,51.509641088746,-0.160859709905278,0.763480665113547,-0.926599018649052,-0.881773092252801
345,51.5096442226578,-0.160865780599943,0.651058398111038,-0.78436433947695,-0.877495850727187
345.5,51.5096469439089,-0.160871038419601,0.573652882022907,-0.692049907330658,-0.879251509526217
346,51.509649018063,-0.160875068826596,0.383053118183257,-0.466939997898767,-0.883084068133021
346.5,51.5096504215654,-0.160877209589661,0.262779127914433,-0.178467706214834,-0.638331119719907
347,51.5096514666114,-0.160878162131429,0.211374191061154,-0.099919454589596,-0.395951769906236
347.5,51.509652040569,-0.160878422641318,0.0691545174813712,0.00845043361079233,-0.156044918392648
348,51.5096531554635,-0.160878482376139,0.373333642771256,-0.0200156676692602,0.089202534449552
348.5,51.509653991157,-0.160878188961163,0.0547922621292735,0.0832713729073892,0.342164188758934
349,51.5096546386674,-0.160877663566177,0.206585383281659,0.0657291661182244,0.595224744733357
349.5,51.5096553173928,-0.160876717791741,0.112138178996531,0.177238989723018,0.836219502368544
350,51.5096558343848,-0.1608755386668,0.117070819533629,0.15426433610748,1.08037906145871
350.5,51.5096561096514,-0.160874387581571,0.0221781611482084,0.163727837508299,1.32928582212729
351,51.5096561953057,-0.160873232135844,0.0168765390678367,0.15813267845576,1.57581898533383
351.5,51.5096561269034,-0.160872352210338,-0.037688766607707,0.097012932494236,1.81364895008371
352,51.5096558366766,-0.16087113571164,-0.0834047441177804,0.219244625712481,2.05830301688288
352.5,51.5096554519722,-0.160869977376063,-0.0871425081047669,0.119953078265565,2.06149237843251
353,51.5096548611708,-0.160868203460293,-0.162488347289073,0.334764448082965,2.06062683954222
353.5,51.5096538621297,-0.160865195011185,-0.264174997839264,0.475807253978748,2.0590690007167
354,51.5096522882879,-0.160860461005425,-0.410429745956657,0.784393803597963,2.06156606248802
354.5,51.5096504690726,-0.160854986648708,-0.400871182885005,0.743142616374191,2.05872252316368
355,51.5096480933673,-0.160847771192706,-0.618070969645055,1.18300386984786,2.05390098419031
355.5,51.5096456798053,-0.16084042976493,-0.480351567587509,0.904836639338302,2.05748594557068
356,51.5096431675402,-0.160832855898368,-0.614092493134154,1.15442082650463,2.06126870666408
356.5,51.509640613522,-0.160825159367983,-0.536268205374424,1.00866671575954,2.05783176727864
357,51.5096382754362,-0.160818070054925,-0.50906240211897,0.967361400045121,2.05617502791952
357.5,51.5096357775537,-0.16081048396537,-0.588554286267209,1.11353901324004,2.05649628931269
358,51.5096333819523,-0.160803206322473,-0.494219081522421,0.938406121595599,2.05592744997557
358.5,51.509630887115,-0.160795617660791,-0.597792667463359,1.13441504912468,2.05545751093596
359,51.5096284071434,-0.160788095424537,-0.519667754365219,0.98152921140669,2.05825127223246
359.5,51.5096260608537,-0.160780934149527,-0.523786076139562,1.0033446806707,2.05031474121234
360,51.5096235162335,-0.160773150712192,-0.595927623427931,1.13493503814998,2.05647110213154
360.5,51.5096209578023,-0.160765378864363,-0.550652966039092,1.04008619368505,2.05600116413878
361,51.5096184640212,-0.16075778931428,-0.55788938316819,1.06344919237603,2.05493782509316
361.5,51.5096159739787,-0.160750275699381,-0.551409681744648,1.02917072787328,2.0630721859274
362,51.5096134196067,-0.160742658679696,-0.580279995281163,1.07757440299243,2.06477804711998
362.5,51.5096110053032,-0.160735397021007,-0.50708573712318,0.959809125205294,2.05590160844685
363,51.5096084575584,-0.160727616181983,-0.608799836253472,1.16479720239132,2.05216796922093
363.5,51.5096059784994,-0.160719935598869,-0.511617504860412,0.997640283675175,2.04413253812569
364,51.5096037088436,-0.160712789434128,-0.500432218520585,0.988500984829316,2.03906410632327
364.5,51.5096012187207,-0.160704882492481,-0.591660079981851,1.17447966444851,2.03730846751914
365,51.5095988809694,-0.160697400140457,-0.470161544334565,0.944070471475863,2.03268472880291
365.5,51.5095964807705,-0.160689733544176,-0.57883313864278,1.148847785944,2.0389399899843
366,51.5095939856488,-0.160681830648397,-0.538670413925024,1.06128217343909,2.03945905113426
366.5,51.5095916203574,-0.160674292294276,-0.517672156755781,1.03652827113549,2.03394521128908
367,51.5095892387429,-0.160666610802024,-0.538545643087535,1.08764380167387,2.02991487203173
367.5,51.5095869274632,-0.160659107338282,-0.497327960152122,1.00983945174128,2.02875263312078
368,51.5095847178771,-0.160651912963984,-0.487711732189809,0.991342118705813,2.02759039366989
368.5,51.5095823418439,-0.160644227064168,-0.557406636722403,1.12031478638266,2.03394455377093
369,51.5095800825969,-0.160636916214117,-0.464442368180308,0.941503623485825,2.02729372230048
369.5,51.5095777478312,-0.160629353467461,-0.558084509084482,1.12613164741533,2.03315338372706
370,51.509575415623,-0.160621866655191,-0.491567587847978,0.978967830564384,2.03446364525265
370.5,51.5095730767784,-0.160614307160042,-0.540639872592783,1.09913936767553,2.02771391444593
371,51.5095706215055,-0.160606372338383,-0.550331668467018,1.10361511637908,2.03456257586215
371.5,51.5095682187029,-0.160598707810241,-0.523699021036327,1.03667947057158,2.03814753738697
372,51.509565864344,-0.160591238824204,-0.524016588088206,1.03737684562398,2.03896329870654
372.5,51.5095635350161,-0.160583827857642,-0.514325570946197,1.0231932884227,2.03582305956496
373,51.5095610473006,-0.160575840840632,-0.581024052672607,1.16909846669948,2.03169382063922
373.5,51.5095587411353,-0.160568333395231,-0.465658418786815,0.953762148994313,2.02479538151955
374,51.5095563549138,-0.160560422189058,-0.576697982814428,1.19980532334946,2.01730354289494
374.5,51.5095540905306,-0.160552882116249,-0.452881309244494,0.939969224181586,2.02138300353213
375,51.5095517516828,-0.160545166950783,-0.567721472928184,1.16318517958474,2.02467126418955
375.5,51.5095493932184,-0.160537467152522,-0.494753901169042,1.00330667841048,2.02954192453623
376,51.509547132052,-0.160530157791584,-0.509025311729811,1.02305903907962,2.03253348541171
376.5,51.5095447884392,-0.160522680198717,-0.530223156478014,1.04894360253929,2.03997554736733
377,51.5095423651316,-0.160514954046414,-0.545531586231706,1.08949693078224,2.03312691562859
377.5,51.5095401749414,-0.160507822350198,-0.446632096498872,0.920788383965794,2.02316257719054
378,51.5095378194457,-0.160500042472674,-0.578393468489407,1.19188759936107,2.02190143875169
378.5,51.5095354317537,-0.160492210069777,-0.4983396974644,1.0145168555328,2.02855229955151
379,51.5095330953268,-0.160484570752391,-0.534984813565578,1.0930986465469,2.02447286795695
379.5,51.5095307093136,-0.160476736983724,-0.528090696636711,1.08399170360243,2.02528862946247
380,51.5095284944069,-0.160469391416529,-0.468190470318828,0.975126711103196,2.01656089834613
380.5,51.5095261284551,-0.160461464528804,-0.567257911234967,1.18855299547737,2.01732756778804
381,51.5095237972336,-0.160453588571608,-0.484772967603245,1.02713254106567,2.01008333687909
381.5,51.5095214805893,-0.16044570151516,-0.53699813479772,1.14274693197273,2.01139359726858
382,51.5095192596944,-0.160438128291218,-0.464220501209787,0.987736780610523,2.00884675862653
382.5,51.5095171472734,-0.160430936510801,-0.4741313995438,1.00620421510964,2.01262951980115
383,51.5095147962563,-0.160422998229195,-0.557449778407524,1.16948873292934,2.01522548064376
383.5,51.509512577851,-0.160415423271373,-0.448962564482781,0.969427064019851,2.00397544149959
384,51.5095105549447,-0.160408319089853,-0.45095032195662,0.99834353654334,1.99381330288695
384.5,51.509508731265,-0.160401837066246,-0.37419558268735,0.831241653597753,1.99492576387907
385,51.5095075703326,-0.160397711503848,-0.177220095161327,0.391970161724717,1.99396132489267
385.5,51.5095070500265,-0.160394870849468,-0.0727670989049795,0.396157578106632,1.71864828506223
386,51.5095070373615,-0.160393362954549,0.046146051829519,0.0786284103992494,1.44986264354858
386.5,51.5095072863701,-0.160391763159603,0.0618926036681499,0.322591834318312,1.2028350009586
387,51.5095076480191,-0.160390674636544,0.093479631369321,0.0311316665965608,0.96025785592425
387.5,51.5095081362059,-0.160389814141576,0.119235365264381,0.181327734012019,0.705614909323593
388,51.5095089259698,-0.160388992480992,0.215286798150192,0.0670236239837516,0.446026960668104
388.5,51.50950973798,-0.160388560192359,0.156466098109343,0.05512522332887,0.195438910165097
389,51.5095105052734,-0.160388472577023,0.180725144031412,-0.017906051059033,-0.0531711421753767
389.5,51.5095112600782,-0.160388701905928,0.159019647107168,-0.0415988654814156,-0.321561196316554
390,51.5095119901823,-0.160389270691553,0.164869721477137,-0.105142671198695,-0.583423852423246
390.5,51.5095125075844,-0.160389983951814,0.0803138411135681,-0.0947652512158494,-0.837374510471787
391,51.5095129687479,-0.16039105492129,0.118229062852326,-0.186466720791665,-1.09617126978607
391.5,51.5095133660977,-0.160392281509691,0.0675489438512209,-0.159009544719325,-1.08774023097765
392,51.5095138078038,-0.160393628609796,0.119804151700945,-0.206676357838959,-1.08623219210475
392.5,51.5095148570808,-0.160396831544238,0.313057148506891,-0.611379348793879,-1.08848235349852
393,51.5095162284272,-0.160401025914687,0.299612352610177,-0.562115733210652,-1.08786441510217
393.5,51.5095179815973,-0.160406398137606,0.453459793835185,-0.874632328040669,-1.09001567641124
394,51.509520364277,-0.160413686633867,0.583897208939474,-1.10820698775297,-1.08643073772007
394.5,51.5095229393067,-0.160421523412384,0.565353102367044,-1.0741266539087,-1.08581279913065
395,51.5095252065857,-0.160428435611316,0.461918155247887,-0.879735798164452,-1.08786516051209
395.5,51.5095277157223,-0.160436091133464,0.625812437963648,-1.19127073211153,-1.0864560214675
396,51.5095303505666,-0.160444114292637,0.558639100429096,-1.05997687873152,-1.0862336821986
396.5,51.5095328674937,-0.1604517632453,0.561054732836661,-1.06355104553127,-1.08482454346158
397,51.5095353198475,-0.160459229828345,0.53493704245017,-1.01800069553278,-1.08776700468106
397.5,51.5095378262217,-0.160466966390265,0.573654252656501,-1.11361433563579,-1.09609915878707
398,51.5095402912521,-0.160474579937429,0.530912718666671,-1.01764706736633,-1.08826152013655
398.5,51.5095426999564,-0.160482004240837,0.539524731475356,-1.04015309174866,-1.09441787398953
399,51.5095451040837,-0.1604894323776,0.531764959444302,-1.02530364553343,-1.09023953509057
399.5,51.5095475644226,-0.160497049854998,0.558460471184445,-1.0803919955025,-1.09609918917104
400,51.5095500665068,-0.160504790016862,0.555565028439439,-1.07078970260303,-1.08954725070652
400.5,51.509552632785,-0.160512712931752,0.581875132695097,-1.12065002818505,-1.0944677122813
401,51.509555080193,-0.160520341132156,0.518491870383063,-1.01618039561621,-1.09731127424539
401.5,51.5095575114599,-0.160527982568199,0.55675433308164,-1.09243331258241,-1.10124273546592
402,51.5095598958611,-0.160535583679773,0.512242234050616,-1.02953759357965,-1.10873459749387
402.5,51.5095621047605,-0.160542778489131,0.477011981150898,-0.977656955558782,-1.11840225926224
403,51.5095645044298,-0.160550756881362,0.573837513315263,-1.19893787939909,-1.12490512100094
403.5,51.5095667511827,-0.160558233005661,0.448214483701196,-0.925480910048804,-1.11904548311758
404,51.5095692896598,-0.160566569383044,0.646503927542287,-1.31996322210946,-1.11457044446875
404.5,51.5095716765624,-0.160574324626974,0.45036377599611,-0.906649097498317,-1.11058990613355
405,51.5095740764656,-0.16058214744775,0.592579715824685,-1.21192038497304,-1.11714186056738
405.5,51.5095764383779,-0.160589844509829,0.478657393356872,-0.968545082997275,-1.11039212248169
406,51.5095787272556,-0.160597287757596,0.530775513935904,-1.07899490918399,-1.11546057721319
406.5,51.509581069706,-0.16060492235123,0.514558302553536,-1.04684707417225,-1.11217233898058
407,51.5095834722646,-0.160612665152215,0.548648067544787,-1.09489277521782,-1.10651050030424
407.5,51.5095859150504,-0.160620453855215,0.540002330048798,-1.07209584216964,-1.10361786221035
408,51.5095881723491,-0.160627610087787,0.475888378958365,-0.938759175072716,-1.10191202379055
408.5,51.5095906331437,-0.160635384227935,0.59774649959823,-1.17795161637622,-1.10079958561206
409,51.5095929747665,-0.160642706784196,0.467365532625236,-0.903920601470104,-1.09365424708509
409.5,51.5095953891274,-0.160650205115347,0.586147574865273,-1.1372338172372,-1.09521210831942
410,51.5095977738463,-0.160657570674613,0.49178716159165,-0.942573722053168,-1.0891546697597
410.5,51.509600096369,-0.160664673105598,0.534311909735599,-1.01672437519911,-1.0870532314895
411,51.5096025591331,-0.160672209842949,0.557595046940373,-1.06733666513293,-1.08974808604433
411.5,51.5096050273343,-0.160679820821484,0.543353572659948,-1.04943256607703,-1.09328394728784
412,51.5096073849966,-0.160687130208771,0.511508034408709,-0.990774861000379,-1.09414950848582
412.5,51.5096098228423,-0.160694687731785,0.564131637498279,-1.0904074887557,-1.09323487001626
413,51.5096122676344,-0.160702318055973,0.529922780409461,-1.03784923692136,-1.09963883204548
413.5,51.5096147493488,-0.160710153516921,0.567835957134978,-1.12306234986983,-1.10258129369867
414,51.5096171306898,-0.160717757123749,0.503327486432156,-1.00868402279121,-1.10868855546728
414.5,51.5096196565882,-0.160725869781372,0.603166557876515,-1.20890993662652,-1.10727941703093
415,51.5096219721726,-0.160733213547517,0.453721738091126,-0.887255262264103,-1.09855167895641
415.5,51.5096243610362,-0.160740732821368,0.586053113178101,-1.15384194537189,-1.10119744077714
416,51.5096267407311,-0.160748259564706,0.489952797794814,-0.968994342866766,-1.102458602439
416.5,51.5096291825049,-0.160755970835387,0.580706220609457,-1.14194514722741,-1.09996156387734
417,51.5096315668414,-0.160763493804246,0.495451491449698,-0.97643095031752,-1.10171722559785
417.5,51.5096339352555,-0.160771029653173,0.549106644235632,-1.09533112886378,-1.1067365870159
418,51.50963628118,-0.160778505447216,0.503040717387914,-0.997924992304574,-1.10295384807248
418.5,51.5096387862645,-0.16078640021963,0.595493815351053,-1.16500878358228,-1.09778651000957
419,51.5096410863405,-0.160793678279615,0.45322611814597,-0.902475445320636,-1.10621756363539
419.5,51.5096434328424,-0.160801153615776,0.570375472994435,-1.13281561199592,-1.1032260252544
420,51.5096457689448,-0.160808637258169,0.484437025256706,-0.973538085513482,-1.11066807971305
420.5,51.5096481140793,-0.160816191802774,0.54801060462719,-1.10176868470282,-1.10767654154691
421,51.5096504970578,-0.160823794114776,0.517824690333985,-1.02328263442372,-1.10290480318688
421.5,51.5096529693297,-0.160831637255073,0.572732713060167,-1.1350701290693,-1.10317696430409
422,51.509655288564,-0.16083905632567,0.476406105228352,-0.956717427411751,-1.10958092598254
422.5,51.5096575240623,-0.16084623010862,0.512159081814046,-1.02366425519682,-1.10569928766695
423,51.5096598159492,-0.16085351486785,0.508462695881204,-1.0029972628237,-1.10191654916072
423.5,51.509661653295,-0.16085936746489,0.339106507562967,-0.679403234379804,-1.10743041114583
424,51.5096631211156,-0.16086411027477,0.317872037441185,-0.643954558059846,-1.11333987244294
424.5,51.5096640259379,-0.160867039204451,0.11976536112525,-0.240603516468753,-1.10886483385923
425,51.5096644648209,-0.160868466974228,0.0821847283161115,-0.16860154582167,-1.11729588841373
