0,0,0,0,0,0,0
0.5,51.50925446,-0.161045485,38.82582877,0,0,0
1,51.50925502,-0.161044737,38.9207316,0.062047906,0.051926951,-0.094919208
1.5,51.50925666,-0.161045664,38.98261371,0.244515045,-0.012438535,-0.156810197
2,51.50925763,-0.161045195,38.97019215,0.352202503,0.020063362,-0.144404981
2.5,51.50926024,-0.161045601,38.97700964,0.642438144,-0.008149803,-0.151248522
3,51.5092627,-0.161045243,38.99269492,0.916827319,0.016652751,-0.166969979
3.5,51.50926488,-0.161045173,39.08889008,1.158536895,0.021496042,-0.26321269
4,51.50926737,-0.161045125,39.12287452,1.435610411,0.024752044,-0.297256043
4.5,51.5092675,-0.161045601,39.12945701,1.4508304,-0.008322807,-0.303908164
5,51.50926774,-0.16104541,39.20331178,1.476907611,0.004914206,-0.377843711
5.5,51.50926799,-0.161045321,39.1983051,1.505291869,0.011039885,-0.372925303
6,51.50926804,-0.161045211,39.28770596,1.510719226,0.018642055,-0.462424534
6.5,51.50926846,-0.161045642,39.28140358,1.557178853,-0.011376611,-0.456231348
7,51.50926832,-0.161044715,39.31105944,1.541806629,0.052941428,-0.486000658
7.5,51.50926857,-0.161044903,39.30795516,1.569039078,0.039877048,-0.483022839
8,51.50926905,-0.161045404,39.31462687,1.622412911,0.005024027,-0.489827257
8.5,51.50926905,-0.161044999,39.37110768,1.622902087,0.03311055,-0.546446419
9,51.50926909,-0.161045152,39.36861215,1.626810822,0.022424963,-0.544099103
9.5,51.50926945,-0.161045222,39.42887706,1.667223608,0.017577973,-0.604518092
10,51.50926968,-0.161044922,39.44855742,1.692406366,0.038384655,-0.624358217
10.5,51.5092699,-0.161044661,39.44636274,1.716658242,0.0564472,-0.622332187
11,51.50926978,-0.161044609,39.45862933,1.703256923,0.060011884,-0.634774596
11.5,51.50927008,-0.161044912,39.47152533,1.735868665,0.038949665,-0.647852936
12,51.50927049,-0.161045127,39.52399332,1.782262155,0.024031871,-0.700509755
12.5,51.50927048,-0.161044626,39.52406897,1.781096497,0.058779372,-0.700782264
13,51.50927073,-0.161045242,39.56232733,1.808858511,0.016015894,-0.739243167
13.5,51.50927072,-0.161045352,39.59601437,1.806819024,0.00837829,-0.773142107
14,51.5092709,-0.161045055,39.64372976,1.82704009,0.028952593,-0.82107058
14.5,51.50927111,-0.161044919,39.66177723,1.850176435,0.038387374,-0.839340994
15,51.50927152,-0.161044883,39.67758024,1.896231707,0.040904554,-0.855376355
15.5,51.50927147,-0.161045706,39.68765617,1.889851957,-0.016188402,-0.865688657
16,51.50927174,-0.16104553,39.67063313,1.920120174,-0.003982837,-0.848909351
16.5,51.50927165,-0.161045198,39.75515409,1.910181365,0.019097636,-0.933681969
17,51.50927176,-0.161045102,39.76016762,1.922336265,0.025789487,-0.938950574
17.5,51.50927215,-0.161045193,39.77578666,1.964852469,0.019459428,-0.954837807
18,51.50927206,-0.161045026,39.80003718,1.954829249,0.031043441,-0.979352954
18.5,51.50927247,-0.161045051,39.90612127,2.000529183,0.029342356,-1.085719949
19,51.50927278,-0.161044923,39.95315997,2.034592394,0.03822227,-1.133045584
19.5,51.50927278,-0.161045169,39.89664219,2.034445979,0.02120981,-1.076816948
20,51.50927308,-0.161044949,39.93892122,2.068140362,0.036500535,-1.119393227
20.5,51.50927333,-0.161044773,40.0043,2.09525815,0.048768675,-1.185074339
21,51.50927357,-0.161044809,40.039493,2.12196582,0.046309459,-1.220576689
21.5,51.50927361,-0.161044854,40.0324084,2.125528655,0.043202955,-1.213811315
22,51.50927365,-0.161044695,40.0794009,2.130314374,0.054297233,-1.261128583
22.5,51.50927391,-0.161044846,40.10925995,2.15888175,0.043887925,-1.291322996
23,51.5092743,-0.161045357,40.06284505,2.202390491,0.008424526,-1.245240893
23.5,51.50927431,-0.161045194,40.0883554,2.202921914,0.019787152,-1.271097255
24,51.50927463,-0.161045262,40.15757958,2.239058676,0.015156426,-1.340674925
24.5,51.50927436,-0.16104456,40.21329871,2.208212047,0.063943719,-1.396751227
25,51.50927483,-0.161044819,40.20117258,2.260314658,0.04602765,-1.384990145
25.5,51.50927496,-0.161045058,40.25600266,2.274660202,0.0294727,-1.440191194
26,51.50927531,-0.161045047,40.28693301,2.313092506,0.0303096,-1.471497944
26.5,51.50927552,-0.161045542,40.29825393,2.336544631,-0.004009685,-1.483212227
27,51.50927586,-0.161044849,40.32108315,2.373856652,0.044180156,-1.506425062
27.5,51.50927585,-0.161045276,40.30961044,2.372624839,0.014644424,-1.495350125
28,51.50927565,-0.161045044,40.32893891,2.350721269,0.030840945,-1.515085455
28.5,51.50927611,-0.161045741,40.35063909,2.400887255,-0.017469948,-1.537206038
29,51.5092764,-0.161045354,40.41686831,2.433660705,0.009427309,-1.603847299
29.5,51.50927648,-0.161045438,40.43021837,2.441674275,0.003719067,-1.617621564
30,51.50927672,-0.16104557,40.47092338,2.468218061,-0.005402719,-1.658759256
30.5,51.50927685,-0.161045301,40.5030149,2.482386041,0.013432039,-1.691290185
31,51.50927712,-0.161044985,40.55575453,2.512287974,0.03539735,-1.744482128
31.5,51.5092773,-0.161045132,40.57385882,2.532343397,0.025317812,-1.76303691
32,51.50927753,-0.161045104,40.5812394,2.557412367,0.027392074,-1.77087153
32.5,51.50927749,-0.161044919,40.57572188,2.552770797,0.040301985,-1.76581773
33,51.5092777,-0.161045195,40.61384073,2.575525412,0.021260304,-1.804415255
33.5,51.5092757,-0.161045182,40.5949128,2.353175451,0.022249895,-1.785964249
34,51.5092737,-0.161045048,40.60164972,2.129720823,0.031663616,-1.79317097
34.5,51.50927172,-0.161045231,40.68573659,1.909296386,0.019101555,-1.877752109
35,51.50926943,-0.161044842,40.71583797,1.654771558,0.046255934,-1.908348484
35.5,51.50926955,-0.161043886,40.72541192,1.667502432,0.112734379,-1.918424969
36,51.50926997,-0.161042963,40.80482727,1.713257582,0.176913947,-1.998350863
36.5,51.50926943,-0.161042328,40.77475232,1.653520404,0.221169393,-1.96879338
37,51.509269,-0.161041774,40.81924781,1.605301729,0.259700163,-2.013812469
37.5,51.50926878,-0.161041603,40.83277256,1.580678837,0.271713612,-2.027871097
38,51.50926853,-0.161041617,40.87753151,1.552681711,0.270875408,-2.073166858
38.5,51.50926811,-0.161041381,40.86021104,1.504945319,0.287436391,-2.056387426
39,51.5092676,-0.161041527,40.87408424,1.447670254,0.277423982,-2.070817475
39.5,51.50926757,-0.161042484,40.87485303,1.444209181,0.211117319,-2.072137592
40,51.50926707,-0.161043006,40.90264913,1.387996924,0.175013997,-2.100489043
40.5,51.50926737,-0.161043846,40.9457678,1.421593008,0.116867892,-2.14418576
41,51.5092672,-0.161044826,40.98462645,1.402645002,0.04894287,-2.183609431
41.5,51.509265,-0.16104435,40.99239985,1.1565315,0.082161002,-2.191969517
42,51.50926305,-0.161045189,41.0734601,0.939542026,0.024109981,-2.273621627
42.5,51.50926086,-0.161044572,41.08339701,0.696070518,0.067046828,-2.284144758
43,51.50925898,-0.161044887,41.11472462,0.486670067,0.045367022,-2.316065263
43.5,51.50925921,-0.161044628,41.11198948,0.511081291,0.063506834,-2.313937902
44,51.50925928,-0.16104455,41.22472598,0.518374729,0.069124672,-2.427286606
44.5,51.50925983,-0.161044927,41.18989157,0.57943151,0.043097575,-2.393084151
45,51.50925984,-0.161045235,41.20525325,0.579876702,0.021881367,-2.409066291
45.5,51.50926007,-0.161044827,41.24964416,0.6049153,0.050382897,-2.454107989
46,51.50926002,-0.16104451,41.22270181,0.599724101,0.072590449,-2.427800557
46.5,51.50926024,-0.161045217,41.25027033,0.624088374,0.023650131,-2.456023438
47,51.50926037,-0.161044779,41.27292744,0.637877257,0.054294881,-2.479327496
47.5,51.50926104,-0.161045537,41.29417479,0.711277057,0.001803627,-2.501240292
48,51.50926068,-0.161045331,41.31661254,0.671795214,0.016299962,-2.52434512
48.5,51.50926115,-0.161045358,41.43781227,0.723229329,0.014600776,-2.646224282
49,51.5092612,-0.161045354,41.41474579,0.72870091,0.015115674,-2.623836969
49.5,51.5092612,-0.161044867,41.44182919,0.727814771,0.049111161,-2.651615581
50,51.50926172,-0.161045395,41.46982914,0.785130702,0.012629857,-2.680312066
50.5,51.50926165,-0.161044358,41.54721385,0.777244903,0.08484505,-2.758403846
51,51.50926173,-0.161045001,41.51736057,0.785831016,0.040410322,-2.729261836
51.5,51.50926219,-0.161044737,41.55974411,0.836403839,0.058936226,-2.772359013
52,51.50926202,-0.161044928,41.60006255,0.817071762,0.045902799,-2.813393491
52.5,51.50926252,-0.161044862,41.58555785,0.872115267,0.050678665,-2.79963605
53,51.50926281,-0.161044716,41.62799918,0.903685025,0.061035459,-2.842816284
53.5,51.50926298,-0.16104492,41.64935482,0.921880382,0.047125833,-2.864914917
54,51.50926319,-0.161045181,41.70117529,0.945442835,0.029221227,-2.917481729
54.5,51.50926307,-0.161044922,41.6261989,0.9315282,0.047439572,-2.843245861
55,51.50926335,-0.161045184,41.65933587,0.962466811,0.029448431,-2.87716478
55.5,51.50926352,-0.161045178,41.66875855,0.980953199,0.030098675,-2.88735808
56,51.5092636,-0.161045037,41.72142537,0.989407233,0.040080375,-2.940795952
56.5,51.5092641,-0.161044684,41.74441369,1.044112172,0.064851698,-2.964580714
57,51.50926404,-0.161045247,41.75731251,1.036952552,0.025960854,-2.978261239
57.5,51.50926447,-0.161044852,41.76940723,1.083648497,0.053676036,-2.991164063
58,51.50926463,-0.161045044,41.81524742,1.10135132,0.040563565,-3.037807892
58.5,51.50926472,-0.161044601,41.84276407,1.111129561,0.071576462,-3.066122276
59,51.50926481,-0.161044131,41.90693064,1.120158357,0.104455666,-3.131130116
59.5,51.50926505,-0.161044794,41.86657461,1.14680267,0.058668844,-3.091590228
60,51.50926508,-0.161045026,41.90722138,1.149928662,0.042809998,-3.133059246
60.5,51.50926548,-0.161044902,41.91663315,1.193422272,0.051623539,-3.143326238
61,51.50926555,-0.16104491,41.97601592,1.200572745,0.051327009,-3.203541178
61.5,51.50926584,-0.16104534,42.01735216,1.231871433,0.02177054,-3.24574299
62,51.50926617,-0.161045664,42.0262668,1.268186822,-0.000459451,-3.255508827
62.5,51.50926636,-0.161045783,42.03481869,1.288792525,-0.008446523,-3.264917686
63,51.50926637,-0.161045618,42.10565566,1.289444433,0.003293014,-3.336623183
63.5,51.50926651,-0.161045338,42.11315135,1.304203414,0.022952228,-3.34501768
64,51.50926684,-0.161045834,42.12924447,1.341301339,-0.011155582,-3.361988319
64.5,51.50926671,-0.16104532,42.18500835,1.325384286,0.024761519,-3.418650004
65,51.50926724,-0.161045889,42.21731146,1.384772586,-0.014477908,-3.451838512
65.5,51.5092675,-0.161045576,42.24135849,1.412146519,0.007533766,-3.476804843
66,51.50926739,-0.161045291,42.2577333,1.399746413,0.027586298,-3.494094949
66.5,51.50926785,-0.161044689,42.2534345,1.450732993,0.069662694,-3.490719429
67,51.50926783,-0.161044629,42.30998355,1.447846418,0.074129932,-3.548192717
67.5,51.50926792,-0.161045227,42.3391658,1.457170215,0.032946767,-3.578305518
68,51.50926857,-0.161045378,42.36409977,1.528556759,0.022748399,-3.604200122
68.5,51.50926867,-0.16104548,42.32662554,1.539266521,0.015914921,-3.567671148
69,51.50926893,-0.161045382,42.39470757,1.567970002,0.023029013,-3.636684188
69.5,51.50926907,-0.161045497,42.42624087,1.582859326,0.01535665,-3.669183123
70,51.50926903,-0.161045573,42.4073766,1.577155217,0.010368693,-3.651311455
70.5,51.50926924,-0.161045499,42.46784184,1.600276746,0.015796335,-3.712745161
71,51.50926933,-0.161045409,42.45227159,1.609947681,0.022379586,-3.698155523
71.5,51.5092696,-0.161045471,42.45953789,1.639524734,0.018404238,-3.706411711
72,51.50926974,-0.161045446,42.51984943,1.654140736,0.02044197,-3.767710733
72.5,51.50927247,-0.161045912,42.56148936,1.956599937,-0.011597949,-3.810359971
73,51.50927469,-0.161045426,42.62179986,2.202866033,0.022484042,-3.871694255
73.5,51.5092772,-0.161045538,42.62547792,2.482406691,0.014948039,-3.876415761
74,51.50927947,-0.161045626,42.57534608,2.733740403,0.009210352,-3.827302278
74.5,51.50928012,-0.161044554,42.67924668,2.805172835,0.083952419,-3.932251705
75,51.50928026,-0.161044076,42.6780015,2.820186393,0.117480582,-3.932049182
75.5,51.509281,-0.161043562,42.73639415,2.901713466,0.153442687,-3.991488072
76,51.50928133,-0.161042176,42.74071383,2.937815587,0.250065093,-3.996871917
76.5,51.50928193,-0.161042082,42.79243358,3.056575396,0.236243494,-3.966617413
77,51.50928267,-0.161041811,42.80992485,3.138751173,0.255061319,-3.984108719
77.5,51.50928327,-0.161042263,42.8441186,3.205334923,0.223686687,-4.018302502
78,51.50928406,-0.161042296,42.85438635,3.293273981,0.221364775,-4.0285703
78.5,51.50928451,-0.161042998,42.91423315,3.343454937,0.172634521,-4.088417119
79,51.50928517,-0.161043424,42.95936766,3.416753062,0.143110902,-4.133551669
79.5,51.5092854,-0.161044748,42.96106597,3.44270837,0.051191087,-4.135249997
80,51.50928568,-0.161045724,42.99977139,3.473297767,-0.016623801,-4.173955429
80.5,51.50928827,-0.161045744,43.05753975,3.76153489,-0.018006462,-4.231723958
81,51.50929071,-0.161045951,43.05319315,4.0326634,-0.032331562,-4.227377524
81.5,51.50929321,-0.16104575,43.10455186,4.311225955,-0.01837334,-4.278736411
82,51.50929554,-0.161046475,43.09740487,4.570142071,-0.068752249,-4.271589596
82.5,51.50929571,-0.161046249,43.14406955,4.58950148,-0.053052842,-4.318254302
83,51.50929605,-0.16104622,43.09614159,4.627410626,-0.051042791,-4.270326371
83.5,51.50929633,-0.161046233,43.16464176,4.657791313,-0.051944249,-4.338826557
84,51.50929638,-0.161045971,43.18264061,4.663971262,-0.033740724,-4.356825417
84.5,51.50929639,-0.161045896,43.18729175,4.66546138,-0.028505378,-4.361476551
85,51.50929689,-0.16104668,43.22760666,4.72105353,-0.082938904,-4.401791508
85.5,51.50929696,-0.161046436,43.23401719,4.728808191,-0.066021516,-4.40820204
86,51.50929718,-0.161045969,43.34874686,4.752882756,-0.033583037,-4.522931735
86.5,51.50929721,-0.161045711,43.37745259,4.755822192,-0.015668165,-4.551637457
87,51.50929746,-0.161045662,43.3732124,4.783760557,-0.012305978,-4.547397287
87.5,51.5092975,-0.161045863,43.44864377,4.788347927,-0.026233477,-4.62282867
88,51.50929755,-0.161046229,43.44687072,4.79438703,-0.051664653,-4.621055622
88.5,51.50929799,-0.161047018,43.44781768,4.842783219,-0.1064353,-4.622002614
89,51.50929835,-0.161046713,43.44952103,4.882476171,-0.085233677,-4.623705988
89.5,51.50929834,-0.161046705,43.46846255,4.882328009,-0.084696863,-4.642647516
90,51.50929871,-0.161046347,43.41270175,4.923208568,-0.059818779,-4.586886756
90.5,51.5092988,-0.161046623,43.42246383,4.933218193,-0.079006995,-4.596648841
91,51.50929885,-0.16104588,43.48602906,4.938376107,-0.02744749,-4.660214067
91.5,51.50929902,-0.161046535,43.50929071,4.957957749,-0.072909266,-4.683475735
92,51.50929943,-0.161046263,43.58591204,5.002890612,-0.054010265,-4.760097104
92.5,51.50929935,-0.161046831,43.56661837,4.993710763,-0.093455604,-4.740803422
93,51.50929962,-0.161046341,43.62983804,5.023860018,-0.059448058,-4.804023127
93.5,51.50929979,-0.161046875,43.66514362,5.043057543,-0.09653453,-4.839328711
94,51.50930001,-0.161046589,43.71926194,5.067933446,-0.076682192,-4.893447055
94.5,51.50930018,-0.161046359,43.74767201,5.086208148,-0.06068386,-4.921857142
95,51.50930065,-0.161046114,43.74840032,5.13936164,-0.043675922,-4.922585492
95.5,51.50930055,-0.161046362,43.75037046,5.127363493,-0.06086534,-4.924555612
96,51.50930078,-0.161045767,43.77732791,5.153561249,-0.019562129,-4.95151309
96.5,51.5093011,-0.16104674,43.80618882,5.188911439,-0.087145116,-4.980374036
97,51.50930098,-0.161046718,43.85505464,5.175530536,-0.085581656,-5.029239842
97.5,51.50930131,-0.161046265,43.85097136,5.212727441,-0.054181524,-5.025156596
98,51.50930143,-0.161046202,43.8592373,5.225323916,-0.049812592,-5.033422543
98.5,51.50930212,-0.161046531,43.89946423,5.302621252,-0.072598658,-5.073649538
99,51.50930198,-0.161046318,43.95364817,5.286983077,-0.057804656,-5.127833461
99.5,51.50930191,-0.161046327,43.94810084,5.279311596,-0.058490712,-5.122286124
100,51.50930214,-0.161045949,44.02982303,5.304414972,-0.032243081,-5.204008337
100.5,51.50930235,-0.16104595,44.02942176,5.327797216,-0.03231656,-5.203607082
101,51.50930274,-0.161047003,44.06941865,5.371583709,-0.105402736,-5.243604021
101.5,51.50930278,-0.161046482,44.06383643,5.375479622,-0.069196694,-5.2380218
102,51.50930302,-0.161047255,44.05145834,5.402410143,-0.122888662,-5.225643732
102.5,51.50930298,-0.161046694,44.09555162,5.398369335,-0.083968978,-5.269737008
103,51.50930337,-0.161046752,44.15016719,5.441489894,-0.087982991,-5.324352617
103.5,51.50930378,-0.161047155,44.14721837,5.487676333,-0.115930937,-5.321403832
104,51.50930369,-0.161046223,44.25749729,5.477408332,-0.051253665,-5.431682747
104.5,51.5093042,-0.161047349,44.20359076,5.533687353,-0.129437377,-5.377776266
105,51.50930431,-0.161047455,44.23189215,5.546543605,-0.136783366,-5.406077668
105.5,51.50930409,-0.161047453,44.22200634,5.5216164,-0.136611245,-5.396191837
106,51.5093046,-0.161047483,44.28502036,5.577975073,-0.138752647,-5.459205909
106.5,51.50930492,-0.161047556,44.30025046,5.614462156,-0.143783874,-5.474436035
107,51.50930504,-0.161047152,44.36722569,5.627015629,-0.11576438,-5.541411278
107.5,51.50930502,-0.16104724,44.32817853,5.625584434,-0.12181798,-5.502364119
108,51.50930516,-0.161047145,44.38674419,5.641074419,-0.115264557,-5.560929793
108.5,51.50930562,-0.161047047,44.43399623,5.692338727,-0.108451213,-5.608181878
109,51.50930582,-0.16104718,44.43731988,5.714483316,-0.117657606,-5.611505551
109.5,51.50930614,-0.161047489,44.43243042,5.749353195,-0.13912202,-5.606616122
110,51.50930621,-0.161047517,44.50252556,5.758021182,-0.141103991,-5.67671126
110.5,51.50930629,-0.161047421,44.54760032,5.766475032,-0.134409094,-5.721786032
111,51.50930668,-0.161048013,44.53254398,5.80992586,-0.175487391,-5.70672974
111.5,51.50930459,-0.161047666,44.57567443,5.576784139,-0.151428161,-5.749859982
112,51.50930245,-0.161047553,44.56775976,5.339685954,-0.143596151,-5.741945103
112.5,51.50930023,-0.161047367,44.61388235,5.091796235,-0.130640391,-5.788067493
113,51.50929813,-0.161047556,44.59369818,4.858889058,-0.143766998,-5.767883136
113.5,51.50929805,-0.161046479,44.62406642,4.849929447,-0.069034272,-5.798251367
114,51.50929828,-0.161045232,44.67598093,4.87569386,0.017549983,-5.850165899
114.5,51.50929762,-0.161044471,44.74888826,4.801740187,0.0703729,-5.92307318
115,51.50929787,-0.161044805,44.68322438,4.829203931,0.047199796,-5.857409312
115.5,51.50929734,-0.161043837,44.82122912,4.770156944,0.114440011,-5.995414013
116,51.50929691,-0.161043811,44.80010284,4.722732186,0.116215089,-5.974287702
116.5,51.50929668,-0.161044368,44.80367318,4.697585729,0.07751099,-5.977858021
117,51.50929634,-0.161044609,44.81952742,4.659794442,0.060784038,-5.99371223
117.5,51.50929613,-0.161044811,44.84867492,4.636457584,0.046769276,-6.022859714
118,51.50929592,-0.1610459,44.86695744,4.612938658,-0.028849682,-6.041142218
118.5,51.50929569,-0.161046742,44.87340089,4.587468051,-0.087279621,-6.047585648
119,51.509296,-0.161047494,44.93086533,4.621530251,-0.139509182,-6.105050111
119.5,51.50929389,-0.161047565,44.94600873,4.387146771,-0.144404273,-6.120193356
120,51.50929163,-0.161047413,44.98418295,4.134884306,-0.133867017,-6.158367409
120.5,51.50928972,-0.16104696,44.9942568,3.923080334,-0.102400137,-6.168441118
121,51.50928792,-0.161047494,44.99712993,3.722736819,-0.139464742,-6.171314128
121.5,51.50928786,-0.161047721,45.07538892,3.715680282,-0.155264487,-6.249573116
122,51.50928799,-0.161048006,45.05866156,3.730897057,-0.174999522,-6.232845761
122.5,51.50928815,-0.161047279,45.07106852,3.747908505,-0.124530588,-6.245252731
123,51.50928859,-0.161047683,45.12163783,3.797523125,-0.152637752,-6.295822073
123.5,51.50928862,-0.161047769,45.07377289,3.800757562,-0.158596397,-6.247957132
124,51.50928882,-0.161048505,45.13202022,3.822405099,-0.209676633,-6.306204484
124.5,51.50928913,-0.161048207,45.21527197,3.857514372,-0.188968401,-6.389456245
125,51.50928911,-0.161048305,45.24705207,3.854654435,-0.1958083,-6.421236347
125.5,51.50928936,-0.161048565,45.22942045,3.883314382,-0.213862754,-6.403604748
126,51.50928963,-0.161048881,45.2390197,3.913095536,-0.235755508,-6.413204012
126.5,51.50928975,-0.161048321,45.28038643,3.926094527,-0.196887948,-6.454570758
127,51.50928996,-0.161048106,45.31080995,3.94988321,-0.18200112,-6.48499429
127.5,51.50928999,-0.161047718,45.35360633,3.952329043,-0.155007062,-6.527790666
128,51.50929057,-0.161048277,45.32934808,4.016882167,-0.193833827,-6.503532468
128.5,51.50929087,-0.16104803,45.36143124,4.050861259,-0.17668783,-6.535615643
129,51.50929089,-0.161048482,45.37120954,4.053013248,-0.208052373,-6.545393938
129.5,51.50929099,-0.161047881,45.4077501,4.064632544,-0.166372008,-6.581934508
130,51.50929105,-0.161048329,45.4440589,4.071312386,-0.197485122,-6.618243317
130.5,51.50929152,-0.161048727,45.49141957,4.123605837,-0.225099803,-6.665604023
131,51.50929134,-0.161048712,45.52247418,4.102716397,-0.224044674,-6.69665861
131.5,51.50929148,-0.16104869,45.50668491,4.119037606,-0.222487145,-6.680869362
132,51.5092918,-0.161048858,45.51452178,4.154101345,-0.234157577,-6.688706262
132.5,51.50929213,-0.161048916,45.52670918,4.191045823,-0.238179822,-6.700893675
133,51.5092921,-0.161048739,45.60710777,4.187878559,-0.225886996,-6.781292273
133.5,51.50929252,-0.161048374,45.5696404,4.234201626,-0.200555143,-6.743824923
134,51.50929258,-0.161048295,45.59811448,4.241519279,-0.195127113,-6.772299005
134.5,51.50929285,-0.16104803,45.69357985,4.271197854,-0.176711261,-6.867764397
135,51.50929286,-0.161048062,45.69033259,4.271876593,-0.178900032,-6.864517139
135.5,51.5092934,-0.161048278,45.73470139,4.331804663,-0.193936632,-6.908885982
136,51.5092937,-0.161048587,45.73899427,4.365158332,-0.215356544,-6.913178883
136.5,51.50929369,-0.161049107,45.76362683,4.364524201,-0.251476653,-6.937811453
137,51.50929373,-0.161049069,45.74047964,4.369313861,-0.248861953,-6.914664257
137.5,51.50929387,-0.161048787,45.79506523,4.384557121,-0.229222207,-6.969249863
138,51.50929414,-0.161048769,45.82026591,4.414288029,-0.22797657,-6.994450555
138.5,51.50929441,-0.161048833,45.79431423,4.444403092,-0.232462571,-6.968498907
139,51.50929475,-0.161049095,45.82205926,4.48231923,-0.250645361,-6.996243956
139.5,51.50929472,-0.161048798,45.92033127,4.479663739,-0.229993435,-7.094515973
140,51.50929503,-0.161048841,45.94597339,4.51328919,-0.233007225,-7.120158105
140.5,51.50929522,-0.161048964,45.93625432,4.535071154,-0.241534856,-7.11043906
141,51.50929512,-0.16104894,45.95991744,4.523191928,-0.239859923,-7.134102165
141.5,51.50929529,-0.161049027,46.0167962,4.542294893,-0.245910236,-7.190980938
142,51.50929582,-0.161049008,46.02700111,4.601225345,-0.244615851,-7.201185894
142.5,51.50929602,-0.161049822,46.01149771,4.623841505,-0.30107724,-7.185682516
143,51.50929593,-0.16104965,46.02838382,4.613688039,-0.289151956,-7.202568614
143.5,51.50929617,-0.161049287,46.06551672,4.640034486,-0.26395206,-7.239701536
144,51.50929638,-0.161049834,46.00542332,4.664359604,-0.301969639,-7.179608156
144.5,51.50929666,-0.161049902,46.0980849,4.694803496,-0.306656043,-7.272269757
145,51.50929709,-0.161049769,46.14338741,4.742311825,-0.297415161,-7.317572304
145.5,51.50929692,-0.161049618,46.18912557,4.723408669,-0.28694358,-7.363310449
146,51.50929727,-0.161049411,46.24743527,4.763366621,-0.272598335,-7.421620175
146.5,51.50929742,-0.161049912,46.23928246,4.779992277,-0.307352593,-7.413467381
147,51.50929744,-0.161049407,46.25820543,4.781206942,-0.272316511,-7.432390351
147.5,51.50929781,-0.161050194,46.29058681,4.82240681,-0.326931627,-7.46477176
148,51.50929822,-0.161049711,46.32490548,4.868367539,-0.293416985,-7.499090469
148.5,51.50929792,-0.161049847,46.31378974,4.834783556,-0.302835825,-7.487974704
149,51.50929832,-0.161049579,46.3818012,4.879914325,-0.284229566,-7.555986192
149.5,51.50929835,-0.161050007,46.39582533,4.882984299,-0.313972332,-7.570010329
150,51.5092986,-0.161049932,46.38288661,4.910659503,-0.308760333,-7.557071638
150.5,51.50930102,-0.161050161,46.37324312,5.180226459,-0.324644729,-7.547428361
151,51.50930356,-0.161050229,46.44942708,5.462624896,-0.329340231,-7.623612551
151.5,51.50930613,-0.161050818,46.43270753,5.748787838,-0.370258609,-7.606893259
152,51.50930852,-0.161051169,46.46191174,6.014502546,-0.394657344,-7.636097722
152.5,51.50930891,-0.161050024,46.49037056,6.057564662,-0.315136773,-7.664556566
153,51.50930933,-0.161048549,46.55548152,6.104865052,-0.21274239,-7.729667574
153.5,51.50930987,-0.161048541,46.58487217,6.164758992,-0.212153956,-7.759058274
154,51.50931042,-0.161047695,46.57717922,6.22641208,-0.153434334,-7.751365384
154.5,51.50931117,-0.161047505,46.59555574,6.309843167,-0.14027177,-7.769741992
155,51.50931189,-0.16104766,46.60367361,6.389373828,-0.150985807,-7.777859942
155.5,51.5093126,-0.161047342,46.64687241,6.467935177,-0.128907451,-7.821058823
156,51.50931345,-0.161047932,46.68759067,6.563078994,-0.169881932,-7.861777185
156.5,51.50931402,-0.161048609,46.67384887,6.62597237,-0.216862973,-7.848035449
157,51.50931471,-0.161049375,46.7219479,6.703188518,-0.27006145,-7.89613456
157.5,51.50931484,-0.161050298,46.74123207,6.717430886,-0.334186106,-7.915418744
158,51.50931538,-0.161051201,46.76437523,6.777747552,-0.396859207,-7.938561967
158.5,51.50931783,-0.161051617,46.85226006,7.050295003,-0.425731454,-8.026447102
159,51.50932022,-0.161051899,46.79015326,7.316211565,-0.445290244,-7.964340602
159.5,51.50932287,-0.161051953,46.83283684,7.611130643,-0.449038456,-8.007024532
160,51.5093251,-0.16105187,46.85141091,7.859560078,-0.44326677,-8.025598895
160.5,51.50932525,-0.161051712,46.87545539,7.87561351,-0.432337873,-8.049643398
161,51.50932559,-0.16105211,46.92020273,7.913562003,-0.459938858,-8.094390792
161.5,51.50932577,-0.161051757,46.9850332,7.933961352,-0.435483395,-8.159221279
162,51.509326,-0.161051641,47.01625638,7.959506729,-0.427392823,-8.190444492
162.5,51.50932602,-0.161051667,46.97279868,7.96123202,-0.42917497,-8.146986794
163,51.50932614,-0.161051716,47.0094307,7.974918318,-0.432592687,-8.183618828
163.5,51.50932655,-0.161051858,47.03037678,8.020818001,-0.442438414,-8.204564967
164,51.50932678,-0.16105235,47.03862155,8.045755568,-0.476587753,-8.212809777
164.5,51.50932678,-0.161051879,47.02320329,8.045730676,-0.443944989,-8.197391522
165,51.50932726,-0.161052446,47.0579749,8.100022044,-0.483269885,-8.23216319
165.5,51.50932735,-0.161052312,47.08446178,8.109551394,-0.473968547,-8.258650085
166,51.50932752,-0.161052372,47.11048625,8.12814266,-0.478124792,-8.284674583
166.5,51.50932773,-0.161052277,47.1291271,8.152159419,-0.471550908,-8.303315465
167,51.50932802,-0.161052097,47.239349,8.184190088,-0.459056486,-8.413537405
167.5,51.50932816,-0.161052466,47.26704767,8.200175319,-0.484660574,-8.441236098
168,51.50932817,-0.161052157,47.2477997,8.200675433,-0.463249927,-8.42198813
168.5,51.50932828,-0.161052564,47.2813821,8.213288933,-0.491461056,-8.455570539
169,51.50932874,-0.161052464,47.32243712,8.263887012,-0.484519612,-8.49662563
169.5,51.50932883,-0.161052892,47.29844383,8.273844741,-0.514253181,-8.47263236
170,51.50932914,-0.161053183,47.33726184,8.308623389,-0.534441011,-8.511450406
170.5,51.50932916,-0.161052945,47.40117998,8.310389607,-0.51791668,-8.575368561
171,51.50932926,-0.161052965,47.39216416,8.321468705,-0.519335778,-8.566352749
171.5,51.50932962,-0.161053112,47.44867985,8.361506065,-0.529507744,-8.622868496
172,51.50932957,-0.161053026,47.38063727,8.3563899,-0.523551616,-8.554825903
172.5,51.50932973,-0.161053264,47.4223288,8.374635881,-0.540049532,-8.596517464
173,51.5093301,-0.161053205,47.47286289,8.415662454,-0.535973345,-8.647051612
173.5,51.50933026,-0.161053186,47.45288791,8.432713952,-0.534644908,-8.627076641
174,51.5093304,-0.161052741,47.53397061,8.448726692,-0.503774177,-8.708159361
174.5,51.50933073,-0.161053294,47.53569482,8.485132877,-0.542167017,-8.709883627
175,51.50933103,-0.161053113,47.54578043,8.518729257,-0.52958895,-8.719969277
175.5,51.50933126,-0.161053153,47.585197,8.545039983,-0.532344456,-8.759385888
176,51.50933116,-0.161053687,47.5704716,8.533330566,-0.56941414,-8.744660477
176.5,51.5093317,-0.161053683,47.59579365,8.592983374,-0.569150395,-8.769982606
177,51.50933183,-0.161053044,47.69996268,8.608116799,-0.524824226,-8.874151644
177.5,51.50933209,-0.16105384,47.66398288,8.636872133,-0.580096113,-8.838171893
178,51.509332,-0.161053547,47.68566845,8.626761316,-0.559713563,-8.859857447
178.5,51.50933222,-0.161053214,47.74512852,8.651421234,-0.536577228,-8.919317555
179,51.50933263,-0.161053458,47.79281398,8.696680256,-0.553571849,-8.967003077
179.5,51.50933279,-0.161053612,47.76365766,8.71440752,-0.564265716,-8.937846783
180,51.50933273,-0.161053408,47.83724542,8.708448203,-0.550077667,-9.011434532
180.5,51.50933292,-0.161053707,47.81336399,8.729251095,-0.570833288,-8.987553131
181,51.50933323,-0.161054152,47.87922817,8.764060857,-0.601761876,-9.053417365
181.5,51.50933341,-0.161053978,47.86694613,8.783582782,-0.589655899,-9.041135354
182,51.50933349,-0.16105417,47.85645172,8.792757373,-0.602964278,-9.030640954
182.5,51.5093338,-0.161054501,47.8782308,8.827441449,-0.625933071,-9.052420079
183,51.50933415,-0.161054438,47.90023632,8.865665563,-0.621552821,-9.074425662
183.5,51.50933426,-0.161054576,47.88990139,8.877862541,-0.631191787,-9.064090739
184,51.50933448,-0.161054165,47.97124661,8.902374653,-0.602642001,-9.145435999
184.5,51.50933475,-0.1610545,48.01829702,8.932360062,-0.625906058,-9.192486453
185,51.50933471,-0.161054717,47.93631251,8.928035113,-0.640946524,-9.110501935
185.5,51.50933485,-0.161054561,47.99024504,8.943386709,-0.630142646,-9.164434491
186,51.50933542,-0.161055111,48.06961434,9.007778939,-0.668275264,-9.243803879
186.5,51.50933552,-0.161055511,48.01937343,9.018814218,-0.696106237,-9.193562993
187,51.5093357,-0.161055066,48.08866967,9.038264077,-0.665161755,-9.262859254
187.5,51.50933582,-0.161054952,48.11842193,9.051918441,-0.657303029,-9.292611539
188,51.5093358,-0.161055181,48.14058762,9.050147878,-0.673200929,-9.31477723
188.5,51.5093365,-0.161055194,48.17891037,9.1273542,-0.674078926,-9.353100088
189,51.50933662,-0.161055109,48.17605641,9.141038924,-0.668173091,-9.350246142
189.5,51.50933447,-0.161055223,48.14770391,8.901573067,-0.676050138,-9.321893302
190,51.50933243,-0.161055075,48.22424748,8.67475468,-0.665778404,-9.398436564
190.5,51.50933021,-0.161055351,48.29845374,8.427163716,-0.684958859,-9.472642494
191,51.50932813,-0.161055596,48.26863962,8.196115666,-0.701978585,-9.442828072
191.5,51.50932857,-0.161054453,48.26527266,8.244888036,-0.622651386,-9.439461174
192,51.50932835,-0.161053406,48.33766021,8.220786517,-0.549967627,-9.511848685
192.5,51.50932811,-0.161052798,48.36461615,8.19363286,-0.507711323,-9.538804592
193,51.50932799,-0.161052122,48.3655363,8.18114362,-0.460797056,-9.539724722
193.5,51.5093278,-0.161052054,48.44450822,8.159482054,-0.456068953,-9.61869661
194,51.50932738,-0.161052237,48.41207412,8.113363001,-0.468795471,-9.58626245
194.5,51.50932678,-0.161052248,48.42447433,8.046181381,-0.469521637,-9.598662573
195,51.50932633,-0.161052494,48.48247161,7.996526008,-0.486622856,-9.656659795
195.5,51.50932616,-0.161053083,48.51091172,7.977423557,-0.527476617,-9.68509988
196,51.50932619,-0.161054051,48.52827975,7.980234054,-0.594738502,-9.702467924
196.5,51.50932586,-0.161054396,48.55547435,7.943573773,-0.618687199,-9.729662478
197,51.50932614,-0.161055918,48.56390944,7.975370125,-0.724308075,-9.738097625
197.5,51.50932399,-0.161055815,48.54315023,7.735367337,-0.717198914,-9.717338113
198,51.50932198,-0.161055696,48.65489842,7.511521179,-0.708932613,-9.829086042
198.5,51.50931987,-0.161055936,48.6160975,7.277372528,-0.72556529,-9.790284846
199,51.50931768,-0.161055873,48.65192719,7.033247384,-0.721238086,-9.826114267
199.5,51.50931793,-0.161055725,48.62741597,7.061557529,-0.71094613,-9.801603082
200,51.50931843,-0.161056475,48.7129154,7.117476542,-0.763024815,-9.887102565
200.5,51.5093185,-0.16105647,48.71967607,7.124344402,-0.76265222,-9.893863249
201,51.50931879,-0.161056137,48.71781412,7.156935052,-0.739545721,-9.89200134
201.5,51.50931872,-0.161056388,48.7591943,7.149319475,-0.75697235,-9.933381511
202,51.50931887,-0.161056098,48.79444136,7.166429623,-0.736808875,-9.968628592
202.5,51.50931924,-0.161056091,48.80139162,7.206663091,-0.73631225,-9.975578894
203,51.50931946,-0.161056242,48.83966826,7.231427888,-0.746820029,-10.01385556
203.5,51.50931956,-0.161056228,48.86011451,7.242691222,-0.74583299,-10.03430182
204,51.50931978,-0.161056679,48.88177423,7.267046537,-0.777176484,-10.05596158
204.5,51.50931996,-0.161056607,48.95121977,7.287495582,-0.772174564,-10.12540714
205,51.50932025,-0.161056478,48.92928162,7.319919221,-0.763219725,-10.10346903
205.5,51.50932055,-0.161056435,48.99076426,7.352647077,-0.760251853,-10.16495171
206,51.50932079,-0.161056715,49.06861881,7.379148077,-0.779645038,-10.24280629
206.5,51.50932083,-0.161056964,48.9892047,7.38449688,-0.796928603,-10.16339219
207,51.50932089,-0.161057272,49.03075344,7.391270397,-0.818354979,-10.20494094
207.5,51.50932148,-0.161057472,49.05827219,7.455965055,-0.832235633,-10.23245976
208,51.50932159,-0.161057617,49.08089472,7.468960513,-0.842267214,-10.25508232
208.5,51.50932177,-0.161057683,49.12016404,7.488966455,-0.846851659,-10.29435166
209,51.50932192,-0.161057537,49.13651393,7.505264137,-0.836752326,-10.31070157
209.5,51.50932218,-0.161058087,49.16402696,7.534473033,-0.874887799,-10.33821464
210,51.50932226,-0.161057558,49.13109353,7.542962488,-0.838192211,-10.30528121
210.5,51.50932234,-0.161057741,49.18957194,7.552328733,-0.850901227,-10.36375963
211,51.50932254,-0.161057376,49.18533987,7.574206529,-0.825566636,-10.35952758
211.5,51.50932286,-0.161057243,49.23859559,7.609691953,-0.816295318,-10.41278335
212,51.50932303,-0.161057966,49.26887933,7.629085003,-0.866505305,-10.44306712
212.5,51.50932314,-0.161057414,49.24181938,7.64067152,-0.828192162,-10.41600717
213,51.50932344,-0.161058167,49.27961249,7.674606365,-0.880477041,-10.45380033
213.5,51.50932365,-0.161058095,49.37035776,7.697634827,-0.875492813,-10.54454563
214,51.5093239,-0.161058973,49.2926741,7.725976422,-0.936437965,-10.46686202
214.5,51.5093242,-0.161058345,49.3397155,7.758793782,-0.892830952,-10.51390346
215,51.50932413,-0.16105832,49.32615928,7.751246023,-0.891065947,-10.50034722
215.5,51.50932451,-0.161058282,49.32967463,7.793886604,-0.888434333,-10.50386262
216,51.50932489,-0.161058457,49.40848348,7.836039812,-0.900595307,-10.58267152
216.5,51.50932496,-0.16105877,49.40817293,7.843208617,-0.922346414,-10.58236099
217,51.50932511,-0.16105897,49.45295855,7.859942157,-0.936200746,-10.62714663
217.5,51.50932512,-0.16105891,49.46941275,7.861407815,-0.932028775,-10.64360083
218,51.50932557,-0.161059214,49.52074964,7.911628714,-0.953188608,-10.69493778
218.5,51.5093256,-0.161059005,49.51821407,7.914939055,-0.938655785,-10.69240222
219,51.50932593,-0.161058759,49.58979526,7.951448194,-0.921548919,-10.76398345
219.5,51.50932613,-0.161059376,49.63062418,7.974173685,-0.964443367,-10.80481241
220,51.50932612,-0.161058889,49.58949371,7.972528295,-0.930632077,-10.76368193
220.5,51.50932632,-0.161059114,49.59984805,7.994789708,-0.946213224,-10.77403631
221,51.50932681,-0.161059544,49.68948646,8.049219575,-0.976063583,-10.86367479
221.5,51.50932664,-0.161059171,49.65313916,8.030906442,-0.950202883,-10.82732747
222,51.50932723,-0.161059635,49.72617241,8.096396401,-0.982400776,-10.9003608
222.5,51.50932736,-0.161059677,49.71681262,8.110251767,-0.985320861,-10.89100102
223,51.50932742,-0.16105928,49.74754754,8.117329409,-0.957774778,-10.92173595
223.5,51.50932769,-0.161059804,49.73551375,8.14677714,-0.994101182,-10.90970221
224,51.50932793,-0.161059995,49.73140953,8.174498159,-1.007387779,-10.90559802
224.5,51.50932815,-0.161060149,49.77994725,8.197973063,-1.018089347,-10.95413577
225,51.50932814,-0.161060145,49.83769679,8.197809027,-1.017785168,-11.01188532
225.5,51.50932847,-0.161060131,49.80749177,8.234365377,-1.016819338,-10.98168034
226,51.50932856,-0.161060033,49.87635692,8.244236516,-1.010030297,-11.05054551
226.5,51.50932893,-0.161060256,49.87599077,8.285237814,-1.025525584,-11.05017942
227,51.50932892,-0.161060381,49.87667234,8.284394748,-1.034201605,-11.05086098
227.5,51.50932926,-0.161060426,49.91751208,8.322190817,-1.037281566,-11.09170077
228,51.50932936,-0.161060587,49.93683721,8.333206399,-1.048516541,-11.11102592
228.5,51.5093319,-0.161060302,49.98133056,8.615447457,-1.028698241,-11.15551964
229,51.50933427,-0.161060694,49.94850718,8.878866608,-1.055935812,-11.12269663
229.5,51.50933669,-0.161060857,50.0418234,9.14827242,-1.06726113,-11.21601324
230,51.50933921,-0.161061325,50.01228655,9.429304381,-1.099720403,-11.18647679
230.5,51.50933969,-0.161059827,50.03604756,9.482605203,-0.995722677,-11.21023787
231,51.50933989,-0.161059273,50.04730369,9.504584003,-0.957261654,-11.22149402
231.5,51.50934029,-0.161058739,50.09175368,9.549064291,-0.920219331,-11.26594407
232,51.50934138,-0.161058102,50.12166602,9.671011779,-0.875941865,-11.2958566
232.5,51.50934194,-0.161058007,50.17716111,9.73228478,-0.869369467,-11.35135178
233,51.50934275,-0.161057992,50.21274963,9.823249222,-0.868342523,-11.38694043
233.5,51.50934347,-0.161057891,50.25132784,9.903120239,-0.861300887,-11.42551877
234,51.50934431,-0.161058753,50.21683894,9.996289085,-0.921140309,-11.39103003
234.5,51.50934481,-0.161059262,50.2430841,10.05212749,-0.956482428,-11.41727528
235,51.50934548,-0.161060256,50.24201277,10.1261865,-1.025478091,-11.41620408
235.5,51.50934579,-0.16106109,50.31098428,10.16137815,-1.083444542,-11.48517565
236,51.50934603,-0.161062534,50.23063734,10.18736223,-1.183679832,-11.40482877
236.5,51.50934865,-0.161062474,50.34811147,10.47953291,-1.179480046,-11.52230337
237,51.50935128,-0.161062438,50.36390079,10.7719713,-1.176998732,-11.53809319
237.5,51.5093537,-0.161062844,50.36563671,11.04066461,-1.20519593,-11.53982957
238,51.50935609,-0.161062579,50.40124595,11.30704062,-1.186777437,-11.57543927
238.5,51.50935616,-0.161062715,50.46035085,11.31505177,-1.196239126,-11.63454419
239,51.50935633,-0.161062564,50.4717163,11.33388364,-1.185731307,-11.64590968
239.5,51.50935656,-0.16106289,50.46291544,11.3591705,-1.20835489,-11.63710886
240,51.50935668,-0.161063761,50.47738753,11.37221285,-1.268820693,-11.65158099
240.5,51.50935696,-0.161063578,50.47199302,11.40348342,-1.25614256,-11.64618653
241,51.50935714,-0.161063676,50.48728468,11.42408322,-1.262960017,-11.66147823
241.5,51.50935741,-0.161063501,50.49045247,11.45344152,-1.25080471,-11.66464607
242,51.5093575,-0.161063494,50.53894721,11.46350264,-1.250326642,-11.71314082
242.5,51.50935788,-0.161063608,50.55068099,11.5067006,-1.258200193,-11.7248747
243,51.50935777,-0.161063667,50.55817437,11.49432399,-1.262304318,-11.73236804
243.5,51.50935819,-0.161063267,50.61416915,11.54044463,-1.234565074,-11.7883629
244,51.50935847,-0.161063695,50.66548507,11.57156348,-1.264264876,-11.83967889
244.5,51.50935869,-0.161064368,50.66860167,11.5962968,-1.310997375,-11.84279554
245,51.50935878,-0.161063916,50.69352994,11.60608171,-1.279605069,-11.86772382
245.5,51.50935889,-0.161064095,50.68269968,11.61892529,-1.292018844,-11.85689359
246,51.50935923,-0.161064348,50.69380075,11.65696794,-1.309572279,-11.86799473
246.5,51.50935947,-0.161064809,50.76155323,11.68296654,-1.341615707,-11.93574727
247,51.50935932,-0.161064047,50.79658184,11.66678263,-1.28872922,-11.97077584
247.5,51.5093597,-0.161064596,50.77922718,11.70824782,-1.326821989,-11.95342126
248,51.50936003,-0.161064543,50.84556025,11.74551205,-1.323115963,-12.0197544
248.5,51.50936002,-0.161064561,50.84623686,11.74474836,-1.324364929,-12.02043101
249,51.50936042,-0.161064931,50.86518036,11.78832519,-1.350077059,-12.03937459
249.5,51.50936034,-0.161064956,50.90049819,11.78001773,-1.351793324,-12.07469241
250,51.50936088,-0.161065151,50.93437638,11.83984716,-1.365363666,-12.10857072
250.5,51.5093609,-0.161065424,50.98016512,11.84190548,-1.384305396,-12.15435947
251,51.50936126,-0.161065509,51.02751133,11.88198846,-1.390209907,-12.20170575
251.5,51.50936125,-0.161065685,50.9604085,11.8815908,-1.402421062,-12.13460292
252,51.50936155,-0.16106582,51.047875,11.91443832,-1.411775775,-12.22206949
252.5,51.50936192,-0.161065852,51.01323503,11.95518819,-1.414042615,-12.1874296
253,51.50936207,-0.161065824,51.03748445,11.97277555,-1.41205054,-12.21167904
253.5,51.5093623,-0.161065714,51.04091338,11.99853197,-1.404416148,-12.21510802
254,51.50936228,-0.161065918,51.07324625,11.99537343,-1.418590844,-12.24744089
254.5,51.50936256,-0.161065654,51.13910317,12.02642302,-1.400261523,-12.31329787
255,51.50936317,-0.161066351,51.06140932,12.09503209,-1.448699456,-12.23560416
255.5,51.50936312,-0.161066366,51.11829236,12.08881077,-1.449721215,-12.29248718
256,51.50936324,-0.161066157,51.15132228,12.1021475,-1.435186876,-12.32551714
256.5,51.50936353,-0.161066391,51.19828649,12.13437066,-1.451455438,-12.37248141
257,51.50936377,-0.161066292,51.2379096,12.16178453,-1.444562227,-12.41210457
257.5,51.50936388,-0.161065991,51.26093148,12.17349439,-1.423696681,-12.43512647
258,51.50936421,-0.161066525,51.23142091,12.21000566,-1.460724541,-12.40561597
258.5,51.50936425,-0.161066316,51.31355449,12.21440181,-1.446236665,-12.48774956
259,51.50936443,-0.16106705,51.26198788,12.23484483,-1.497218832,-12.436183
259.5,51.50936486,-0.161066872,51.33802396,12.2830247,-1.484827884,-12.51221917
260,51.50936479,-0.161066555,51.33977113,12.27534678,-1.462813248,-12.51396632
260.5,51.50936507,-0.161066813,51.38023328,12.30621892,-1.480740911,-12.55442854
261,51.50936548,-0.161066741,51.39722026,12.35166437,-1.475707853,-12.5714156
261.5,51.50936544,-0.161066618,51.44230016,12.34695296,-1.467181453,-12.6164955
262,51.50936584,-0.161066405,51.44445136,12.39134489,-1.45240203,-12.61864678
262.5,51.5093661,-0.161066702,51.42484172,12.42061175,-1.473058028,-12.5990372
263,51.50936634,-0.161066378,51.48336242,12.44773223,-1.450543983,-12.65755795
263.5,51.50936655,-0.161066768,51.51745212,12.47061123,-1.477647705,-12.6916477
264,51.50936677,-0.161066756,51.49714962,12.49560206,-1.476770891,-12.67134524
264.5,51.50936669,-0.161067251,51.55410098,12.48655701,-1.511171213,-12.7282966
265,51.50936686,-0.161067524,51.56288755,12.50500164,-1.53013334,-12.73708321
265.5,51.50936714,-0.161067639,51.56249238,12.53646618,-1.538085629,-12.73668811
266,51.50936725,-0.161068017,51.62792175,12.54833943,-1.564335562,-12.8021175
266.5,51.50936742,-0.161068143,51.67602018,12.56723166,-1.573096675,-12.85021597
267,51.50936778,-0.161067799,51.68775651,12.6072334,-1.549185055,-12.86195238
267.5,51.50936582,-0.161068257,51.66592507,12.38958139,-1.581008577,-12.84012051
268,51.50936387,-0.161068536,51.72961633,12.17298294,-1.600339689,-12.90381137
268.5,51.50936171,-0.161067907,51.71250367,11.9328883,-1.556726463,-12.88669824
269,51.50935969,-0.161068475,51.73411616,11.70733244,-1.59614925,-12.90831032
269.5,51.50935979,-0.161068126,51.8050082,11.71869891,-1.57187109,-12.97920239
270,51.50935969,-0.161066708,51.75250992,11.70705977,-1.473428853,-12.92670405
270.5,51.50935976,-0.161066021,51.82048875,11.71547572,-1.425722171,-12.99468289
271,51.50935929,-0.16106519,51.81803691,11.66266186,-1.368029333,-12.99223094
271.5,51.50935905,-0.16106557,51.82538736,11.63695376,-1.394449331,-12.99958135
272,51.50935865,-0.161065078,51.87712664,11.59162619,-1.360268606,-13.05132055
272.5,51.50935821,-0.161065558,51.9147071,11.54321433,-1.393633401,-13.08890092
273,51.5093576,-0.161065235,51.92315025,11.47560749,-1.371177966,-13.09734394
273.5,51.50935767,-0.161066299,51.98462207,11.48340302,-1.445055556,-13.15881579
274,51.50935725,-0.161067268,51.9892449,11.43644145,-1.512359781,-13.16343855
274.5,51.50935775,-0.161068909,51.99013751,11.49143661,-1.626243025,-13.16433129
275,51.50935755,-0.161069307,52.07389077,11.46989378,-1.653899208,-13.24808452
275.5,51.50935555,-0.161069435,52.00270014,11.24660533,-1.662770364,-13.1768935
276,51.5093536,-0.161069377,52.06841465,11.02976198,-1.658753613,-13.24260762
276.5,51.50935142,-0.16106974,52.05524753,10.78796745,-1.683924376,-13.2294401
277,51.5093492,-0.161069616,52.13214618,10.54081966,-1.675321499,-13.30633833
277.5,51.50934926,-0.161069796,52.09829042,10.54668428,-1.687847271,-13.27248259
278,51.5093496,-0.161069381,52.09970349,10.58458909,-1.659011429,-13.27389572
278.5,51.50934985,-0.161069627,52.18812984,10.61287862,-1.676099032,-13.36232212
279,51.50935019,-0.161069751,52.17417368,10.65091932,-1.684719045,-13.34836603
279.5,51.50935051,-0.161069955,52.21908292,10.68674255,-1.698858049,-13.39327532
280,51.50935049,-0.161070294,52.21363213,10.68441964,-1.722413601,-13.38782454
280.5,51.50935061,-0.161070204,52.21412992,10.69760269,-1.716170575,-13.38832235
281,51.50935086,-0.161070487,52.22712106,10.72508388,-1.735821539,-13.40131354
281.5,51.50935122,-0.161070509,52.29401755,10.76501319,-1.737362533,-13.46821011
282,51.50935152,-0.161070483,52.3253329,10.79826861,-1.735505598,-13.4995255
282.5,51.50935173,-0.161070655,52.27170322,10.82172158,-1.747494365,-13.44589587
283,51.50935202,-0.161071126,52.30630547,10.85458265,-1.78017201,-13.48049818
283.5,51.5093521,-0.161070943,52.29218929,10.86320066,-1.767442334,-13.46638202
284,51.5093523,-0.161071235,52.36241155,10.88487927,-1.787730815,-13.53660433
284.5,51.5093525,-0.161071097,52.41767198,10.90813011,-1.778191664,-13.59186479
285,51.50935264,-0.161071113,52.42530949,10.9233059,-1.779248915,-13.59950233
285.5,51.50935291,-0.161071063,52.45176456,10.95377994,-1.775804388,-13.62595745
286,51.50935318,-0.16107075,52.49319542,10.9831772,-1.754048766,-13.66738836
286.5,51.50935338,-0.161070781,52.49197009,11.00580692,-1.756259488,-13.66616306
287,51.50935358,-0.16107078,52.51314335,11.02818692,-1.756142625,-13.68733636
287.5,51.50935383,-0.161071407,52.55176524,11.05586577,-1.799658338,-13.72595831
288,51.50935377,-0.161071159,52.50724483,11.04883336,-1.782472773,-13.68143789
288.5,51.50935407,-0.161071588,52.54813291,11.08242893,-1.812273558,-13.72232604
289,51.50935407,-0.161071526,52.60215449,11.08275238,-1.807928991,-13.77634761
289.5,51.50935447,-0.161072076,52.62415147,11.12630269,-1.846157301,-13.79834468
290,51.50935478,-0.161071919,52.62019677,11.16089449,-1.83520963,-13.79439004
290.5,51.50935488,-0.161072259,52.67349402,11.17209659,-1.858852178,-13.84768731
291,51.509355,-0.161072729,52.71509825,11.18601242,-1.891491048,-13.88929157
291.5,51.5093552,-0.16107261,52.7359398,11.20778355,-1.883227961,-13.91013317
292,51.50935528,-0.16107264,52.73672246,11.21726714,-1.885264577,-13.91091584
292.5,51.50935574,-0.161072947,52.73614551,11.26847903,-1.906587569,-13.910339
293,51.50935578,-0.161073282,52.76332346,11.27283006,-1.929853204,-13.93751696
293.5,51.50935596,-0.161073311,52.82147214,11.29282062,-1.931864546,-13.99566567
294,51.50935632,-0.161073386,52.80152046,11.33214409,-1.937115833,-13.97571407
294.5,51.50935661,-0.161073811,52.83340127,11.36479052,-1.966617526,-14.00759494
295,51.50935697,-0.161074125,52.87745364,11.40492145,-1.988402684,-14.0516474
295.5,51.50935702,-0.161073905,52.96143091,11.41098848,-1.973115985,-14.13562467
296,51.50935727,-0.161074227,52.95209326,11.43800209,-1.995491146,-14.12628708
296.5,51.50935759,-0.161074509,52.9609528,11.47376585,-2.015075804,-14.13514669
297,51.50935766,-0.161074571,53.00529223,11.48144553,-2.019346907,-14.17948613
297.5,51.5093581,-0.161074211,53.00231637,11.53108172,-1.994389923,-14.17651035
298,51.50935803,-0.161073686,53.00325201,11.52315459,-1.957920994,-14.17744597
298.5,51.50935855,-0.161074465,53.05355073,11.58064121,-2.012007203,-14.22774481
299,51.50935834,-0.16107462,53.04198951,11.55689932,-2.022723897,-14.21618355
299.5,51.50935854,-0.161074937,53.02162322,11.5800821,-2.044739753,-14.19581731
300,51.50935903,-0.161074918,53.03529647,11.63433124,-2.043419137,-14.20949065
300.5,51.50935918,-0.1610756,53.02886769,11.65137774,-2.090770386,-14.20306192
301,51.5093594,-0.161075651,53.13221013,11.67563299,-2.094326648,-14.30640442
301.5,51.5093593,-0.161075095,53.11792842,11.66405021,-2.055739035,-14.29212266
302,51.50935967,-0.161075162,53.1423582,11.70582723,-2.060403658,-14.31655253
302.5,51.50936009,-0.161075652,53.22315489,11.75223152,-2.094371163,-14.39734932
303,51.50936024,-0.161075618,53.198745,11.76896032,-2.092018654,-14.37293946
303.5,51.50936048,-0.161075393,53.24240297,11.79582102,-2.0764216,-14.41659746
304,51.50936077,-0.161075426,53.26818157,11.8274461,-2.078725682,-14.44237613
304.5,51.50936077,-0.161075969,53.23955144,11.82814722,-2.116441374,-14.41374602
305,51.50936124,-0.161075998,53.26407248,11.87974994,-2.118422028,-14.43826715
305.5,51.50936096,-0.161075954,53.234007,11.8494433,-2.115343204,-14.40820162
306,51.50936136,-0.161075814,53.31910983,11.8932929,-2.105658169,-14.49330452
306.5,51.50936414,-0.16107624,53.29136519,12.2027538,-2.135224946,-14.46556047
307,51.50936627,-0.16107616,53.35767725,12.439464,-2.129680432,-14.531873
307.5,51.50936873,-0.161077127,53.3749374,12.71368876,-2.196831719,-14.54913372
308,51.50937132,-0.161077025,53.39548432,13.00117577,-2.189757409,-14.56968121
308.5,51.50937142,-0.16107594,53.4346172,13.01251343,-2.114380793,-14.60881408
309,51.50937203,-0.161075479,53.43718918,13.08070372,-2.082372638,-14.6113862
309.5,51.50937266,-0.161074614,53.4832642,13.15060905,-2.022312959,-14.65746134
310,51.50937326,-0.161074045,53.50889128,13.21737509,-1.982868994,-14.68308854
310.5,51.50937386,-0.161073972,53.51492607,13.28375775,-1.9777367,-14.68912347
311,51.50937478,-0.161074524,53.48752403,13.38658262,-2.016119566,-14.66172166
311.5,51.50937566,-0.161074317,53.50507232,13.48475282,-2.00170849,-14.67927015
312,51.50937615,-0.1610745,53.53711546,13.53872963,-2.014456069,-14.71131341
312.5,51.50937677,-0.161075464,53.5590927,13.60832504,-2.081368296,-14.73329082
313,51.50937763,-0.161076325,53.62721684,13.70305223,-2.141119827,-14.80141519
313.5,51.50937773,-0.161077002,53.60619672,13.71521692,-2.188130227,-14.78039512
314,51.50937801,-0.1610782,53.65317496,13.74620768,-2.271307222,-14.82737345
314.5,51.50938058,-0.161078619,53.68048757,14.03163537,-2.300417072,-14.85468669
315,51.50938315,-0.16107861,53.70160094,14.31770623,-2.299744901,-14.87580069
315.5,51.5093854,-0.16107898,53.69989058,14.56779102,-2.325464721,-14.87409091
316,51.50938798,-0.161079238,53.7139514,14.85467139,-2.343380438,-14.8881524
316.5,51.50938815,-0.161079367,53.74857602,14.87431204,-2.352302776,-14.92277707
317,51.5093884,-0.161078993,53.78365213,14.90183291,-2.32637163,-14.95785323
317.5,51.5093887,-0.161079711,53.80555967,14.93474291,-2.376235235,-14.97976087
318,51.5093891,-0.161079639,53.80096562,14.97971043,-2.371244284,-14.97516692
318.5,51.50938923,-0.161079465,53.81590926,14.99387866,-2.359134422,-14.99011059
319,51.50938937,-0.161079752,53.87838175,15.00978911,-2.379042378,-15.05258313
319.5,51.50938958,-0.161080054,53.88557884,15.03280625,-2.400002542,-15.05978029
320,51.50938976,-0.161080303,53.89987054,15.05369476,-2.417291703,-15.07407203
320.5,51.50938994,-0.161080421,53.93552531,15.07332729,-2.425486003,-15.10972686
321,51.50939024,-0.161080418,54.02150658,15.10615226,-2.425284126,-15.19570821
321.5,51.50939047,-0.161080623,53.98146537,15.13177913,-2.439555256,-15.15566706
322,51.50939065,-0.16108098,53.99169229,15.15224868,-2.464305029,-15.16589405
322.5,51.50939062,-0.161080934,54.0016244,15.1484548,-2.461112431,-15.17582614
323,51.5093908,-0.161080988,53.95862727,15.16884086,-2.464848139,-15.13282907
323.5,51.50939114,-0.161081447,54.00746971,15.20697766,-2.496704533,-15.18167161
324,51.50939147,-0.161081764,53.95129259,15.24307461,-2.518740535,-15.12549459
324.5,51.50939166,-0.161081704,54.04280801,15.26425022,-2.514552958,-15.21701006
325,51.50939169,-0.161081471,54.07712484,15.26840081,-2.498371564,-15.25132688
325.5,51.50939207,-0.161081949,54.10809923,15.30974353,-2.531598122,-15.28230138
326,51.50939255,-0.161082464,54.120099,15.36302954,-2.567306707,-15.2943013
326.5,51.50939253,-0.161082295,54.15238353,15.36112302,-2.555594396,-15.32658583
327,51.50939272,-0.161081626,54.1409294,15.38243739,-2.509187791,-15.31513172
327.5,51.509393,-0.161082458,54.15922062,15.41368675,-2.566916462,-15.33342305
328,51.50939333,-0.161082482,54.18106119,15.45066882,-2.568612458,-15.35526371
328.5,51.50939344,-0.161082624,54.18757009,15.46282117,-2.578423186,-15.36177264
329,51.50939335,-0.161082658,54.22532103,15.45290598,-2.580784351,-15.39952355
329.5,51.50939363,-0.161082731,54.31604782,15.48367735,-2.585865983,-15.49025043
330,51.50939376,-0.161083037,54.30685401,15.49770309,-2.607138753,-15.48105666
330.5,51.50939419,-0.161083186,54.34407107,15.54601202,-2.617437341,-15.51827384
331,51.50939449,-0.161082827,54.38400952,15.5789073,-2.592563499,-15.55821237
331.5,51.50939452,-0.16108279,54.41097298,15.58297343,-2.589971977,-15.58517584
332,51.50939464,-0.161082878,54.39663267,15.59562819,-2.596100268,-15.57083555
332.5,51.50939518,-0.161082956,54.44990698,15.65581878,-2.601464409,-15.62411001
333,51.50939507,-0.161083537,54.44239894,15.6439706,-2.641847586,-15.61660196
333.5,51.50939535,-0.161083472,54.46660045,15.67511274,-2.637296277,-15.64080355
334,51.50939587,-0.161084222,54.43142162,15.73261615,-2.689382477,-15.60562489
334.5,51.50939574,-0.16108382,54.52864301,15.71847924,-2.661474545,-15.70284622
335,51.50939598,-0.161084065,54.48787767,15.74511579,-2.678483728,-15.66208096
335.5,51.50939633,-0.161084471,54.52145984,15.78393986,-2.706693479,-15.69566325
336,51.50939638,-0.161084289,54.52611247,15.78922589,-2.694010709,-15.70031588
336.5,51.50939669,-0.161084331,54.52844322,15.82438633,-2.696963133,-15.70264671
337,51.5093968,-0.161084571,54.58865098,15.83614567,-2.713596617,-15.76285451
337.5,51.50939705,-0.161084348,54.60236581,15.86418605,-2.698124207,-15.77656941
338,51.50939746,-0.161084862,54.67144979,15.91016305,-2.733819751,-15.84565352
338.5,51.50939759,-0.16108527,54.65303963,15.92447981,-2.762117789,-15.82724341
339,51.50939768,-0.161084836,54.68738204,15.93401631,-2.732021119,-15.86158583
339.5,51.509398,-0.161085445,54.68144169,15.9700502,-2.774321506,-15.85564558
340,51.50939793,-0.16108514,54.73068985,15.96225911,-2.753092794,-15.90489372
340.5,51.50939838,-0.161085646,54.74616151,16.01169528,-2.788233012,-15.92036552
341,51.50939852,-0.161085872,54.7718648,16.02829993,-2.803939708,-15.94606886
341.5,51.50939885,-0.161085707,54.78952721,16.06418745,-2.792481507,-15.96373136
342,51.50939897,-0.161085557,54.76546487,16.07784933,-2.782071838,-15.93966905
342.5,51.50939941,-0.161086011,54.85194084,16.12715136,-2.813596551,-16.02614515
343,51.50939968,-0.161086425,54.7819229,16.15722139,-2.842317145,-15.9561273
343.5,51.50939963,-0.161086447,54.8394786,16.15140081,-2.843846399,-16.01368299
344,51.50939983,-0.161086502,54.80917385,16.1730627,-2.847694818,-15.9833783
344.5,51.50939989,-0.161086396,54.88828245,16.18049512,-2.840293205,-16.06248691
345,51.50940025,-0.161087448,54.91794903,16.22066923,-2.913394277,-16.09215363
345.5,51.50939813,-0.161086912,54.9392094,15.98431249,-2.876177911,-16.11341338
346,51.5093961,-0.161086563,54.98568732,15.75895134,-2.851900896,-16.15989074
346.5,51.50939422,-0.161086677,54.98565992,15.54897084,-2.859834085,-16.15986282
347,51.50939199,-0.161086762,55.04927888,15.30105638,-2.865752761,-16.22348118
347.5,51.50939197,-0.161086002,55.03045256,15.29857725,-2.812961233,-16.20465483
348,51.50939194,-0.161085274,55.05397355,15.2952591,-2.76242565,-16.2281758
348.5,51.50939198,-0.161085293,55.02097219,15.29997374,-2.763731244,-16.19517444
349,51.50939188,-0.161084311,55.09887364,15.28876933,-2.695542442,-16.27307584
349.5,51.50939155,-0.161084782,55.06702167,15.25253648,-2.728287045,-16.2412238
350,51.50939101,-0.161083952,55.13618972,15.19186425,-2.6706588,-16.31039168
350.5,51.50939089,-0.161084555,55.1161121,15.17861128,-2.712487199,-16.29031406
351,51.50939063,-0.16108512,55.14213843,15.15020503,-2.751769439,-16.31634033
351.5,51.50939041,-0.1610856,55.24619856,15.12550866,-2.785055585,-16.42040041
352,51.50939015,-0.161086457,55.18943955,15.09675744,-2.844565848,-16.36364136
352.5,51.50939001,-0.161087475,55.24948097,15.08107371,-2.915232472,-16.42368277
353,51.50939019,-0.161088489,55.28489662,15.10110093,-2.985604835,-16.45909852
353.5,51.5093881,-0.161088552,55.29323413,14.86859517,-2.989987405,-16.46743548
354,51.509386,-0.161088931,55.24498226,14.63531377,-3.01633756,-16.41918308
354.5,51.5093838,-0.16108879,55.28685609,14.39037314,-3.006501505,-16.46105635
355,51.5093821,-0.161089146,55.38335199,14.20114683,-3.031236331,-16.55755184
355.5,51.50938222,-0.161088423,55.38895343,14.21459875,-2.981025307,-16.56315329
356,51.50938254,-0.161089003,55.40474683,14.24936037,-3.021333666,-16.57894678
356.5,51.50938257,-0.161088923,55.4220177,14.25343013,-3.015741978,-16.59621766
357,51.50938293,-0.161089177,55.42983843,14.29359045,-3.033409466,-16.60403849
357.5,51.50938326,-0.161089485,55.4664681,14.33031581,-3.054790715,-16.64066825
358,51.509383,-0.161089404,55.50636455,14.30143655,-3.049168347,-16.68056463
358.5,51.50938338,-0.161089151,55.55259859,14.34312771,-3.031565696,-16.72679876
359,51.50938352,-0.161089111,55.5395702,14.35931524,-3.028849926,-16.71377041
359.5,51.50938383,-0.161089239,55.56191704,14.39346556,-3.03769749,-16.73611733
360,51.50938396,-0.161089727,55.57652554,14.40826327,-3.071559964,-16.75072587
360.5,51.50938422,-0.161089802,55.58424657,14.43641828,-3.076772987,-16.75844698
361,51.50938442,-0.161090244,55.60232188,14.4591395,-3.107469216,-16.77652235
361.5,51.50938468,-0.161090373,55.63360756,14.48763262,-3.11645805,-16.8078081
362,51.50938495,-0.161090747,55.64441168,14.51785313,-3.142415985,-16.81861231
362.5,51.50938519,-0.16109078,55.69079569,14.5450967,-3.144664378,-16.86499637
363,51.50938528,-0.161090814,55.64905792,14.55524828,-3.147034683,-16.82325863
363.5,51.50938571,-0.161090957,55.71111714,14.60304351,-3.156996921,-16.88531797
364,51.50938568,-0.161090884,55.76576635,14.59884149,-3.151929094,-16.93996717
364.5,51.50938623,-0.1610912,55.72532744,14.6609008,-3.173819082,-16.89952841
365,51.5093864,-0.161091456,55.73612558,14.67937784,-3.191657505,-16.9103266
365.5,51.50938649,-0.161091396,55.75926509,14.68945006,-3.187491056,-16.93346613
366,51.50938658,-0.161091401,55.78413712,14.69939141,-3.187776659,-16.95833819
366.5,51.50938689,-0.161091788,55.83147448,14.73438069,-3.214682781,-17.00567565
367,51.50938673,-0.161091923,55.82598793,14.71621266,-3.224065738,-17.00018906
367.5,51.50938735,-0.161091888,55.82286961,14.78557101,-3.221601284,-16.99707089
368,51.50938766,-0.161092128,55.86180311,14.81979545,-3.238269066,-17.03600449
368.5,51.50938773,-0.161091698,55.873832,14.82762871,-3.20844771,-17.04803337
369,51.50938797,-0.161092394,55.88517214,14.85454846,-3.256714902,-17.0593736
369.5,51.50938826,-0.16109263,55.93188557,14.88598551,-3.27313472,-17.10608712
370,51.50938844,-0.161093228,55.93451366,14.90631325,-3.31468225,-17.10871527
370.5,51.50938854,-0.161092538,56.008212,14.9174864,-3.266712611,-17.18241362
371,51.50938899,-0.161093016,55.97400593,14.96774647,-3.299952775,-17.14820769
371.5,51.50938932,-0.161093206,56.01331005,15.00425036,-3.313120639,-17.1875119
372,51.50938938,-0.161093388,56.02381444,15.01067159,-3.325788133,-17.19801631
372.5,51.50938967,-0.161093839,56.08455442,15.04310404,-3.357060451,-17.25875638
373,51.50938971,-0.161093629,56.05071086,15.04799317,-3.342465753,-17.22491283
373.5,51.50939017,-0.161094122,56.05867389,15.09879757,-3.376746132,-17.232876
374,51.50939015,-0.161093776,56.10005833,15.09704767,-3.352683495,-17.27426042
374.5,51.50939041,-0.161093643,56.11405823,15.12592448,-3.343464787,-17.28826039
375,51.50939061,-0.161093909,56.15126083,15.14811031,-3.361964172,-17.32546304
375.5,51.50939077,-0.161094015,56.1774458,15.16543432,-3.369293912,-17.35164806
376,51.50939088,-0.16109411,56.26471967,15.17756988,-3.375902931,-17.43892197
376.5,51.50939129,-0.161094499,56.28124294,15.22294858,-3.402892014,-17.45544537
377,51.5093912,-0.161094466,56.26423505,15.21340461,-3.400629987,-17.43843745
377.5,51.50939144,-0.161094551,56.27745373,15.2402495,-3.406515825,-17.45165619
378,51.50939202,-0.161095357,56.28221183,15.30441281,-3.462465553,-17.45641447
378.5,51.50939208,-0.161095172,56.26299595,15.31088025,-3.449607225,-17.4371986
379,51.50939242,-0.161095337,56.32402616,15.34896691,-3.461048201,-17.49822892
379.5,51.50939227,-0.161095249,56.34502872,15.33266528,-3.454958845,-17.51923143
380,51.50939277,-0.161095631,56.33230647,15.38803832,-3.481515815,-17.50650933
380.5,51.50939281,-0.161096483,56.3314779,15.39236543,-3.540650284,-17.50568081
381,51.50939314,-0.16109649,56.33367748,15.42920933,-3.541116048,-17.50788048
381.5,51.50939316,-0.161096698,56.34311207,15.43110569,-3.555562397,-17.51731508
382,51.50939362,-0.161096954,56.35825484,15.48269782,-3.573366793,-17.53245799
382.5,51.50939388,-0.161096541,56.459318,15.51195454,-3.544672969,-17.6335212
383,51.50939396,-0.1610972,56.46243195,15.52085076,-3.590431318,-17.6366352
383.5,51.50939414,-0.161096826,56.52459257,15.53996114,-3.564435279,-17.69879585
384,51.50939443,-0.161097572,56.5409507,15.57291328,-3.616259571,-17.71515409
384.5,51.5093969,-0.161097087,56.52700613,15.8474841,-3.582576083,-17.70121018
385,51.50939936,-0.161097326,56.55871937,16.12121828,-3.599187804,-17.73292411
385.5,51.50940174,-0.161097783,56.5830484,16.38628838,-3.630896936,-17.75725384
386,51.50940428,-0.161098181,56.59542367,16.66812059,-3.658555645,-17.76962986
386.5,51.50940441,-0.161097238,56.62599536,16.68356751,-3.593070659,-17.80020156
387,51.50940501,-0.16109637,56.58212908,16.74971988,-3.532814773,-17.75633541
387.5,51.5094056,-0.161096316,56.57727344,16.81500605,-3.529058506,-17.75147995
388,51.50940648,-0.161095487,56.61120159,16.91306702,-3.471488988,-17.78540832
388.5,51.5094071,-0.161095237,56.64270991,16.98282904,-3.454121101,-17.81691682
389,51.50940782,-0.161094958,56.70551899,17.06297057,-3.434749572,-17.87972611
389.5,51.50940862,-0.161095709,56.70072029,17.15095961,-3.48689425,-17.87492767
390,51.50940924,-0.16109601,56.72591956,17.220644,-3.507815423,-17.90012713
390.5,51.50941017,-0.161097414,56.74026033,17.3236381,-3.605279275,-17.91446824
391,51.50941048,-0.161097771,56.77519329,17.35834471,-3.630027225,-17.94940131
391.5,51.50941116,-0.16109879,56.79295846,17.43380714,-3.700770996,-17.96716673
392,51.50941152,-0.161100325,56.82473456,17.47443282,-3.807404411,-17.998943
392.5,51.50941374,-0.161100086,56.89107134,17.72100489,-3.790762011,-18.06528046
393,51.50941642,-0.161100204,56.86747415,18.01977,-3.798946844,-18.04168411
393.5,51.50941885,-0.161100825,56.86797694,18.28916557,-3.842082438,-18.04218769
394,51.50942129,-0.161101388,56.87837374,18.56069491,-3.881196761,-18.0525853
394.5,51.5094215,-0.161101318,56.84288821,18.58442235,-3.876296914,-18.01709984
395,51.50942181,-0.16110185,56.9403762,18.61917605,-3.913234116,-18.11458795
395.5,51.50942189,-0.161102404,56.89408345,18.6279886,-3.951740744,-18.06829525
396,51.50942188,-0.161101806,56.90722522,18.62712358,-3.910213498,-18.08143699
396.5,51.50942229,-0.161101589,57.02619671,18.67239875,-3.895159341,-18.20040861
397,51.5094225,-0.161102405,57.02643088,18.69605387,-3.951803323,-18.20064288
397.5,51.5094226,-0.161102279,57.04186319,18.70646235,-3.943039359,-18.21607522
398,51.50942297,-0.161102846,57.058031,18.74799166,-3.98242801,-18.23224317
398.5,51.50942301,-0.161102858,57.0373362,18.75266918,-3.983230504,-18.21154839
399,51.50942343,-0.161102841,57.14674303,18.79939211,-3.982057486,-18.32095536
399.5,51.5094237,-0.161102925,57.10343785,18.82914466,-3.987868248,-18.27765027
400,51.50942412,-0.161103476,57.13840194,18.87629089,-4.026147996,-18.31261453
400.5,51.509424,-0.161103086,57.17299104,18.86285226,-3.999085799,-18.34720356
401,51.50942413,-0.161102755,57.19246939,18.87755204,-3.976046832,-18.36668195
401.5,51.50942462,-0.161103561,57.21964528,18.93160806,-4.032016295,-18.39385803
402,51.50942445,-0.161103178,57.25528998,18.91227601,-4.005472565,-18.42950266
402.5,51.50942503,-0.161103714,57.28071773,18.97739719,-4.042634505,-18.45493063
403,51.50942514,-0.161104206,57.28629533,18.98971112,-4.076802005,-18.46050829
403.5,51.50942528,-0.161104629,57.2548236,19.0054146,-4.106199928,-18.42903662
404,51.50942563,-0.161104928,57.25612148,19.04445972,-4.126943959,-18.43033463
404.5,51.50942584,-0.161105149,57.33109598,19.06691136,-4.142273375,-18.50530921
405,51.50942597,-0.161105206,57.38058597,19.08220149,-4.146249545,-18.55479926
405.5,51.50942624,-0.161105107,57.39010069,19.11180757,-4.139360402,-18.56431405
406,51.50942605,-0.161104761,57.38261649,19.09118622,-4.115318877,-18.55682978
406.5,51.50942659,-0.161105301,57.39527377,19.15038438,-4.152869902,-18.56948726
407,51.50942678,-0.161105007,57.38947185,19.17164872,-4.132450522,-18.56368539
407.5,51.50942701,-0.161105307,57.43502039,19.19707437,-4.153254898,-18.60923402
408,51.50942718,-0.161105577,57.39313889,19.21695372,-4.171982637,-18.5673526
408.5,51.50942752,-0.161105753,57.46745983,19.25465636,-4.18422575,-18.64167366
409,51.50942794,-0.161105769,57.48172528,19.30068199,-4.185330276,-18.65593925
409.5,51.50942786,-0.161105572,57.55346056,19.29243777,-4.171655327,-18.7276745
410,51.50942794,-0.16110604,57.45469882,19.30100765,-4.204170849,-18.62891281
410.5,51.50942852,-0.161105956,57.53165434,19.36599802,-4.198322308,-18.70586852
411,51.50942868,-0.161106442,57.51602688,19.38318974,-4.232038851,-18.69024113
411.5,51.50942869,-0.161106255,57.55775596,19.38488534,-4.219044874,-18.73197021
412,51.50942906,-0.161106511,57.52461408,19.42538859,-4.236853469,-18.69882846
412.5,51.50942908,-0.161106538,57.59542049,19.42730641,-4.238693067,-18.76963489
413,51.50942937,-0.161106975,57.64692641,19.45971013,-4.269039701,-18.82114093
413.5,51.50942968,-0.161106883,57.67609273,19.4943781,-4.26268857,-18.85030735
414,51.50942969,-0.161106947,57.67629885,19.49580229,-4.267106305,-18.85051347
414.5,51.5094302,-0.161107591,57.68750597,19.55273115,-4.311818634,-18.86172079
415,51.50943019,-0.161107631,57.7150912,19.55114527,-4.314635211,-18.88930602
415.5,51.50943049,-0.161108153,57.75677985,19.58433544,-4.350847759,-18.9309948
416,51.50943061,-0.16110827,57.81518089,19.59836749,-4.358979471,-18.98939589
416.5,51.50943089,-0.161108511,57.71333416,19.62950276,-4.375676116,-18.88754927
417,51.5094314,-0.161108922,57.77654556,19.68580894,-4.404228982,-18.95076086
417.5,51.50943111,-0.161108276,57.82491262,19.65348244,-4.359409618,-18.9991278
418,51.50943155,-0.1611091,57.91605999,19.70227696,-4.416584518,-19.09027535
418.5,51.50943173,-0.161109637,57.8546669,19.72231314,-4.453854276,-19.02888236
419,51.5094321,-0.161109321,57.9453262,19.76399731,-4.431905126,-19.11954177
419.5,51.50943223,-0.161109501,57.91654363,19.77835157,-4.444447563,-19.09075925
420,51.50943243,-0.161109321,57.95194749,19.80016544,-4.431903642,-19.12616317
420.5,51.50943262,-0.161109461,57.944667,19.8212879,-4.441668569,-19.11888275
421,51.50943286,-0.161109995,57.9676919,19.84895827,-4.478728701,-19.14190777
421.5,51.50943296,-0.161109698,57.95897039,19.85922404,-4.458094133,-19.13318627
422,51.50943348,-0.161109785,58.01659912,19.91771569,-4.464151569,-19.1908152
422.5,51.50943347,-0.161109943,57.99865847,19.9160808,-4.475112516,-19.17287456
423,51.50943386,-0.161110609,57.97871891,19.95913057,-4.52136924,-19.15293515
423.5,51.50943159,-0.16111032,58.0585933,19.70690646,-4.50129008,-19.23280874
424,51.50942975,-0.161110677,58.07413199,19.50283871,-4.526071028,-19.24834683
424.5,51.50942772,-0.161110744,58.03396754,19.27646602,-4.530697654,-19.2081817
425,51.50942599,-0.161110504,58.1430543,19.08365321,-4.514050407,-19.31726786